{"nm":"404-error","ddd":0,"h":400,"w":700,"meta":{"g":"@lottiefiles/toolkit-js 0.33.2"},"layers":[{"ty":4,"nm":"#ground","sr":1,"st":0,"op":125,"ip":0,"hd":false,"ln":"ground","ddd":0,"bm":0,"hasMask":false,"ao":0,"ks":{"a":{"a":0,"k":[0,0,0],"ix":1},"s":{"a":0,"k":[100,100,100],"ix":6},"sk":{"a":0,"k":0},"p":{"a":0,"k":[100.5,-93.5,0],"ix":2},"r":{"a":0,"k":0,"ix":10},"sa":{"a":0,"k":0},"o":{"a":0,"k":100,"ix":11}},"ef":[],"shapes":[{"ty":"gr","bm":0,"hd":false,"mn":"ADBE Vector Group","nm":"Forme 2","ix":1,"cix":2,"np":2,"it":[{"ty":"sh","bm":0,"hd":false,"mn":"ADBE Vector Shape - Group","nm":"TracÃ© 1","ix":1,"d":1,"ks":{"a":0,"k":{"c":true,"i":[[0,0],[0,0],[-193,0]],"o":[[0,0],[0,0],[193,0]],"v":[[292,84],[-283,84],[-9,98]]},"ix":2}},{"ty":"fl","bm":0,"hd":false,"mn":"ADBE Vector Graphic - Fill","nm":"Fond 1","c":{"a":0,"k":[0,0,0],"ix":4},"r":1,"o":{"a":0,"k":100,"ix":5}},{"ty":"tr","a":{"a":0,"k":[0,0],"ix":1},"s":{"a":0,"k":[100,100],"ix":3},"sk":{"a":0,"k":0,"ix":4},"p":{"a":0,"k":[0,0],"ix":2},"r":{"a":0,"k":0,"ix":6},"sa":{"a":0,"k":0,"ix":5},"o":{"a":0,"k":12,"ix":7}}]},{"ty":"gr","bm":0,"hd":false,"mn":"ADBE Vector Group","nm":"Forme 1","ix":2,"cix":2,"np":7,"it":[{"ty":"sh","bm":0,"hd":false,"mn":"ADBE Vector Shape - Group","nm":"TracÃ© 6","ix":1,"d":1,"ks":{"a":0,"k":{"c":false,"i":[[0,0],[0,0]],"o":[[0,0],[0,0]],"v":[[69.5,115.5],[177.5,115.5]]},"ix":2}},{"ty":"sh","bm":0,"hd":false,"mn":"ADBE Vector Shape - Group","nm":"TracÃ© 5","ix":2,"d":1,"ks":{"a":0,"k":{"c":false,"i":[[0,0],[0,0]],"o":[[0,0],[0,0]],"v":[[252,102.5],[310,102.5]]},"ix":2}},{"ty":"sh","bm":0,"hd":false,"mn":"ADBE Vector Shape - Group","nm":"TracÃ© 4","ix":3,"d":1,"ks":{"a":0,"k":{"c":false,"i":[[0,0],[0,0]],"o":[[0,0],[0,0]],"v":[[-203.5,114.5],[-169,114.5]]},"ix":2}},{"ty":"sh","bm":0,"hd":false,"mn":"ADBE Vector Shape - Group","nm":"TracÃ© 3","ix":4,"d":1,"ks":{"a":0,"k":{"c":false,"i":[[0,0],[0,0]],"o":[[0,0],[0,0]],"v":[[157,102],[207,102]]},"ix":2}},{"ty":"sh","bm":0,"hd":false,"mn":"ADBE Vector Shape - Group","nm":"TracÃ© 2","ix":5,"d":1,"ks":{"a":0,"k":{"c":false,"i":[[0,0],[0,0]],"o":[[0,0],[0,0]],"v":[[-293.5,96.5],[-177,96.5]]},"ix":2}},{"ty":"sh","bm":0,"hd":false,"mn":"ADBE Vector Shape - Group","nm":"TracÃ© 1","ix":6,"d":1,"ks":{"a":0,"k":{"c":false,"i":[[0,0],[0,0]],"o":[[0,0],[0,0]],"v":[[-283,84],[292,84]]},"ix":2}},{"ty":"st","bm":0,"hd":false,"mn":"ADBE Vector Graphic - Stroke","nm":"Contour 1","lc":2,"lj":1,"ml":4,"o":{"a":0,"k":100,"ix":4},"w":{"a":0,"k":3,"ix":5},"c":{"a":0,"k":[0.549,0.549,0.549],"ix":3}},{"ty":"tr","a":{"a":0,"k":[0,0],"ix":1},"s":{"a":0,"k":[100,100],"ix":3},"sk":{"a":0,"k":0,"ix":4},"p":{"a":0,"k":[0,0],"ix":2},"r":{"a":0,"k":0,"ix":6},"sa":{"a":0,"k":0,"ix":5},"o":{"a":0,"k":100,"ix":7}}]}],"ind":1,"parent":18},{"ty":4,"nm":"#dust3","sr":1,"st":67,"op":124,"ip":67,"hd":false,"ln":"dust3","ddd":0,"bm":0,"hasMask":false,"ao":0,"ks":{"a":{"a":0,"k":[0,0,0],"ix":1},"s":{"a":0,"k":[100,100,100],"ix":6},"sk":{"a":0,"k":0},"p":{"a":0,"k":[100.5,-223.5,0],"ix":2},"r":{"a":0,"k":0,"ix":10},"sa":{"a":0,"k":0},"o":{"a":0,"k":100,"ix":11}},"ef":[],"shapes":[{"ty":"gr","bm":0,"hd":false,"mn":"ADBE Vector Group","nm":"Forme 1","ix":1,"cix":2,"np":3,"it":[{"ty":"sh","bm":0,"hd":false,"mn":"ADBE Vector Shape - Group","nm":"TracÃ© 1","ix":1,"d":1,"ks":{"a":0,"k":{"c":false,"i":[[0,0],[-70,1],[-65,-2],[-11.591,41.402],[40.352,-34.064],[-28.61,-12.383],[-66,-72]],"o":[[0,0],[70,-1],[30.936,0.952],[12.763,-45.587],[-34.443,29.076],[35.349,15.3],[66,72]],"v":[[-293,-20],[-144,79],[21,48],[135.613,-25.388],[53,-93],[67.944,-12.87],[276,78]]},"ix":2}},{"ty":"st","bm":0,"hd":false,"mn":"ADBE Vector Graphic - Stroke","nm":"Contour 1","lc":2,"lj":1,"ml":4,"o":{"a":0,"k":100,"ix":4},"w":{"a":1,"k":[{"o":{"x":0.333,"y":0},"i":{"x":0,"y":1},"s":[0],"t":67},{"o":{"x":0.467,"y":0},"i":{"x":0.833,"y":1},"s":[8],"t":76},{"o":{"x":0.816,"y":0},"i":{"x":0.833,"y":1},"s":[15],"t":115},{"s":[0],"t":123}],"ix":5},"c":{"a":0,"k":[1,1,1],"ix":3}},{"ty":"tm","bm":0,"hd":false,"mn":"ADBE Vector Filter - Trim","nm":"RÃ©duire les tracÃ©s 1","ix":3,"e":{"a":1,"k":[{"o":{"x":0.167,"y":0.167},"i":{"x":0.833,"y":0.833},"s":[0],"t":67},{"s":[100],"t":123}],"ix":2},"o":{"a":0,"k":0,"ix":3},"s":{"a":0,"k":5.455,"ix":1,"x":"var $bm_rt;\n$bm_rt = $bm_sub(content('Forme 1').content('R\\xe9duire les trac\\xe9s 1').end, 0.1);"},"m":1},{"ty":"tr","a":{"a":0,"k":[0,0],"ix":1},"s":{"a":0,"k":[100,100],"ix":3},"sk":{"a":0,"k":0,"ix":4},"p":{"a":0,"k":[0,0],"ix":2},"r":{"a":0,"k":0,"ix":6},"sa":{"a":0,"k":0,"ix":5},"o":{"a":0,"k":100,"ix":7}}]}],"ind":2,"parent":18},{"ty":4,"nm":"#dust2","sr":1,"st":0,"op":57,"ip":0,"hd":false,"ln":"dust2","ddd":0,"bm":0,"hasMask":false,"ao":0,"ks":{"a":{"a":0,"k":[0,0,0],"ix":1},"s":{"a":0,"k":[100,100,100],"ix":6},"sk":{"a":0,"k":0},"p":{"a":0,"k":[100.5,-143.5,0],"ix":2},"r":{"a":0,"k":0,"ix":10},"sa":{"a":0,"k":0},"o":{"a":0,"k":100,"ix":11}},"ef":[],"shapes":[{"ty":"gr","bm":0,"hd":false,"mn":"ADBE Vector Group","nm":"Forme 1","ix":1,"cix":2,"np":3,"it":[{"ty":"sh","bm":0,"hd":false,"mn":"ADBE Vector Shape - Group","nm":"TracÃ© 1","ix":1,"d":1,"ks":{"a":0,"k":{"c":false,"i":[[0,0],[-70,1],[-65,-2],[-11.591,41.402],[40.352,-34.064],[-28.61,-12.383],[-66,-72]],"o":[[0,0],[70,-1],[30.936,0.952],[12.763,-45.587],[-34.443,29.076],[35.349,15.3],[66,72]],"v":[[-293,-20],[-144,79],[21,48],[135.613,-25.388],[53,-93],[67.944,-12.87],[276,78]]},"ix":2}},{"ty":"st","bm":0,"hd":false,"mn":"ADBE Vector Graphic - Stroke","nm":"Contour 1","lc":2,"lj":1,"ml":4,"o":{"a":0,"k":100,"ix":4},"w":{"a":1,"k":[{"o":{"x":0.333,"y":0},"i":{"x":0,"y":1},"s":[0],"t":0},{"o":{"x":0.372,"y":0},"i":{"x":0.794,"y":1},"s":[7],"t":9},{"o":{"x":0.816,"y":0},"i":{"x":0.833,"y":1},"s":[15],"t":48},{"s":[0],"t":56}],"ix":5},"c":{"a":0,"k":[1,1,1],"ix":3}},{"ty":"tm","bm":0,"hd":false,"mn":"ADBE Vector Filter - Trim","nm":"RÃ©duire les tracÃ©s 1","ix":3,"e":{"a":1,"k":[{"o":{"x":0.167,"y":0.167},"i":{"x":0.833,"y":0.833},"s":[0],"t":0},{"s":[100],"t":56}],"ix":2},"o":{"a":0,"k":0,"ix":3},"s":{"a":0,"k":5.455,"ix":1,"x":"var $bm_rt;\n$bm_rt = $bm_sub(content('Forme 1').content('R\\xe9duire les trac\\xe9s 1').end, 0.1);"},"m":1},{"ty":"tr","a":{"a":0,"k":[0,0],"ix":1},"s":{"a":0,"k":[100,100],"ix":3},"sk":{"a":0,"k":0,"ix":4},"p":{"a":0,"k":[0,0],"ix":2},"r":{"a":0,"k":0,"ix":6},"sa":{"a":0,"k":0,"ix":5},"o":{"a":0,"k":100,"ix":7}}]}],"ind":3,"parent":18},{"ty":4,"nm":"#dust 2","sr":1,"st":40,"op":97,"ip":40,"hd":false,"ln":"dust","ddd":0,"bm":0,"hasMask":false,"ao":0,"ks":{"a":{"a":0,"k":[0,0,0],"ix":1},"s":{"a":0,"k":[100,100,100],"ix":6},"sk":{"a":0,"k":0},"p":{"a":0,"k":[130.5,-143.5,0],"ix":2},"r":{"a":0,"k":0,"ix":10},"sa":{"a":0,"k":0},"o":{"a":0,"k":100,"ix":11}},"ef":[],"shapes":[{"ty":"gr","bm":0,"hd":false,"mn":"ADBE Vector Group","nm":"Forme 1","ix":1,"cix":2,"np":3,"it":[{"ty":"sh","bm":0,"hd":false,"mn":"ADBE Vector Shape - Group","nm":"TracÃ© 1","ix":1,"d":1,"ks":{"a":0,"k":{"c":false,"i":[[0,0],[-40,65],[38,-20],[-65,-2],[-65,-12],[-69,-7],[0,0]],"o":[[0,0],[40,-65],[-38,20],[65,2],[65,12],[69,7],[0,0]],"v":[[-293,-20],[-128,-79],[-181,-151],[-116,-19],[53,-93],[194,-8],[311,-45]]},"ix":2}},{"ty":"st","bm":0,"hd":false,"mn":"ADBE Vector Graphic - Stroke","nm":"Contour 1","lc":2,"lj":1,"ml":4,"o":{"a":0,"k":100,"ix":4},"w":{"a":1,"k":[{"o":{"x":0.333,"y":0},"i":{"x":0,"y":1},"s":[0],"t":40},{"o":{"x":0.467,"y":0},"i":{"x":0.833,"y":1},"s":[15],"t":49},{"o":{"x":0.816,"y":0},"i":{"x":0.833,"y":1},"s":[11],"t":88},{"s":[0],"t":96}],"ix":5},"c":{"a":0,"k":[0.3137,0.3137,0.3137],"ix":3}},{"ty":"tm","bm":0,"hd":false,"mn":"ADBE Vector Filter - Trim","nm":"RÃ©duire les tracÃ©s 1","ix":3,"e":{"a":1,"k":[{"o":{"x":0.167,"y":0.167},"i":{"x":0.833,"y":0.833},"s":[0],"t":40},{"s":[100],"t":96}],"ix":2},"o":{"a":0,"k":0,"ix":3},"s":{"a":0,"k":5.455,"ix":1,"x":"var $bm_rt;\n$bm_rt = $bm_sub(content('Forme 1').content('R\\xe9duire les trac\\xe9s 1').end, 0.1);"},"m":1},{"ty":"tr","a":{"a":0,"k":[0,0],"ix":1},"s":{"a":0,"k":[100,100],"ix":3},"sk":{"a":0,"k":0,"ix":4},"p":{"a":0,"k":[0,0],"ix":2},"r":{"a":0,"k":0,"ix":6},"sa":{"a":0,"k":0,"ix":5},"o":{"a":0,"k":100,"ix":7}}]}],"ind":4,"parent":18},{"ty":4,"nm":"#dust","sr":1,"st":12,"op":69,"ip":12,"hd":false,"ln":"dust","ddd":0,"bm":0,"hasMask":false,"ao":0,"ks":{"a":{"a":0,"k":[0,0,0],"ix":1},"s":{"a":0,"k":[100,100,100],"ix":6},"sk":{"a":0,"k":0},"p":{"a":0,"k":[100.5,-93.5,0],"ix":2},"r":{"a":0,"k":0,"ix":10},"sa":{"a":0,"k":0},"o":{"a":0,"k":100,"ix":11}},"ef":[],"shapes":[{"ty":"gr","bm":0,"hd":false,"mn":"ADBE Vector Group","nm":"Forme 1","ix":1,"cix":2,"np":3,"it":[{"ty":"sh","bm":0,"hd":false,"mn":"ADBE Vector Shape - Group","nm":"TracÃ© 1","ix":1,"d":1,"ks":{"a":0,"k":{"c":false,"i":[[0,0],[-40,65],[38,-20],[-65,-2],[-65,-12],[-69,-7],[0,0]],"o":[[0,0],[40,-65],[-38,20],[65,2],[65,12],[69,7],[0,0]],"v":[[-293,-20],[-128,-79],[-181,-151],[-116,-19],[53,-93],[194,-8],[311,-45]]},"ix":2}},{"ty":"st","bm":0,"hd":false,"mn":"ADBE Vector Graphic - Stroke","nm":"Contour 1","lc":2,"lj":1,"ml":4,"o":{"a":0,"k":100,"ix":4},"w":{"a":1,"k":[{"o":{"x":0.333,"y":0},"i":{"x":0,"y":1},"s":[0],"t":12},{"o":{"x":0.467,"y":0},"i":{"x":0.833,"y":1},"s":[5],"t":21},{"o":{"x":0.816,"y":0},"i":{"x":0.833,"y":1},"s":[15],"t":60},{"s":[0],"t":68}],"ix":5},"c":{"a":0,"k":[0.3137,0.3137,0.3137],"ix":3}},{"ty":"tm","bm":0,"hd":false,"mn":"ADBE Vector Filter - Trim","nm":"RÃ©duire les tracÃ©s 1","ix":3,"e":{"a":1,"k":[{"o":{"x":0.167,"y":0.167},"i":{"x":0.833,"y":0.833},"s":[0],"t":12},{"s":[100],"t":68}],"ix":2},"o":{"a":0,"k":0,"ix":3},"s":{"a":0,"k":5.455,"ix":1,"x":"var $bm_rt;\n$bm_rt = $bm_sub(content('Forme 1').content('R\\xe9duire les trac\\xe9s 1').end, 0.1);"},"m":1},{"ty":"tr","a":{"a":0,"k":[0,0],"ix":1},"s":{"a":0,"k":[100,100],"ix":3},"sk":{"a":0,"k":0,"ix":4},"p":{"a":0,"k":[0,0],"ix":2},"r":{"a":0,"k":0,"ix":6},"sa":{"a":0,"k":0,"ix":5},"o":{"a":0,"k":100,"ix":7}}]}],"ind":5,"parent":18},{"ty":4,"nm":"#page","sr":1,"st":0,"op":125,"ip":0,"hd":false,"ln":"page","ddd":0,"bm":0,"hasMask":true,"ao":0,"ks":{"a":{"a":0,"k":[0,0,0],"ix":1},"s":{"a":0,"k":[100,100,100],"ix":6},"sk":{"a":0,"k":0},"p":{"a":0,"k":[100.5,-93.5,0],"ix":2},"r":{"a":0,"k":0,"ix":10},"sa":{"a":0,"k":0},"o":{"a":0,"k":100,"ix":11}},"ef":[],"masksProperties":[{"nm":"Masque 1","inv":false,"mode":"s","x":{"a":0,"k":0,"ix":4},"o":{"a":0,"k":100,"ix":3},"pt":{"a":0,"k":{"c":true,"i":[[0,0],[0,0],[0,0],[0,0]],"o":[[0,0],[0,0],[0,0],[0,0]],"v":[[402,85],[-336,85],[-336,247],[402,247]]},"ix":1}}],"shapes":[{"ty":"gr","bm":0,"hd":false,"mn":"ADBE Vector Group","nm":"Forme 2","ix":1,"cix":2,"np":3,"it":[{"ty":"sh","bm":0,"hd":false,"mn":"ADBE Vector Shape - Group","nm":"TracÃ© 1","ix":1,"d":1,"ks":{"a":0,"k":{"c":false,"i":[[0,0],[0,0],[0,0],[0,0]],"o":[[0,0],[0,0],[0,0],[0,0]],"v":[[16.25,-132],[13.383,-131.312],[11.905,-125.813],[12,157.5]]},"ix":2}},{"ty":"tm","bm":0,"hd":false,"mn":"ADBE Vector Filter - Trim","nm":"RÃ©duire les tracÃ©s 1","ix":2,"e":{"a":0,"k":100,"ix":2,"x":"var $bm_rt;\n$bm_rt = $bm_sum(content('Forme 2').content('R\\xe9duire les trac\\xe9s 1').start, 0.1);"},"o":{"a":0,"k":0,"ix":3},"s":{"a":1,"k":[{"o":{"x":0.167,"y":0},"i":{"x":0.667,"y":1},"s":[0],"t":69},{"o":{"x":0.333,"y":0},"i":{"x":1,"y":1},"s":[3],"t":94},{"s":[100],"t":106}],"ix":1},"m":1},{"ty":"st","bm":0,"hd":false,"mn":"ADBE Vector Graphic - Stroke","nm":"Contour 1","lc":2,"lj":1,"ml":4,"o":{"a":0,"k":100,"ix":4},"w":{"a":1,"k":[{"o":{"x":0.333,"y":0},"i":{"x":0.667,"y":1},"s":[0],"t":69},{"o":{"x":0.333,"y":0},"i":{"x":0.667,"y":1},"s":[5],"t":90},{"s":[8],"t":100}],"ix":5},"c":{"a":0,"k":[0.4157,0.6627,0.8745],"ix":3}},{"ty":"tr","a":{"a":0,"k":[0,0],"ix":1},"s":{"a":0,"k":[100,100],"ix":3},"sk":{"a":0,"k":0,"ix":4},"p":{"a":0,"k":[0,0],"ix":2},"r":{"a":0,"k":0,"ix":6},"sa":{"a":0,"k":0,"ix":5},"o":{"a":0,"k":100,"ix":7}}]},{"ty":"gr","bm":0,"hd":false,"mn":"ADBE Vector Group","nm":"Forme 1","ix":2,"cix":2,"np":3,"it":[{"ty":"sh","bm":0,"hd":false,"mn":"ADBE Vector Shape - Group","nm":"TracÃ© 1","ix":1,"d":1,"ks":{"a":0,"k":{"c":false,"i":[[0,0],[0,0],[0,0],[0,0]],"o":[[0,0],[0,0],[0,0],[0,0]],"v":[[16.25,-132],[13.383,-131.312],[11.905,-125.813],[12,157.5]]},"ix":2}},{"ty":"tm","bm":0,"hd":false,"mn":"ADBE Vector Filter - Trim","nm":"RÃ©duire les tracÃ©s 1","ix":2,"e":{"a":0,"k":100,"ix":2,"x":"var $bm_rt;\n$bm_rt = $bm_sum(content('Forme 1').content('R\\xe9duire les trac\\xe9s 1').start, 0.1);"},"o":{"a":0,"k":0,"ix":3},"s":{"a":1,"k":[{"o":{"x":0.167,"y":0},"i":{"x":0.667,"y":1},"s":[0],"t":13},{"o":{"x":0.333,"y":0},"i":{"x":1,"y":1},"s":[3],"t":38},{"s":[100],"t":50}],"ix":1},"m":1},{"ty":"st","bm":0,"hd":false,"mn":"ADBE Vector Graphic - Stroke","nm":"Contour 1","lc":2,"lj":1,"ml":4,"o":{"a":0,"k":100,"ix":4},"w":{"a":1,"k":[{"o":{"x":0.333,"y":0},"i":{"x":0.667,"y":1},"s":[0],"t":13},{"o":{"x":0.333,"y":0},"i":{"x":0.667,"y":1},"s":[5],"t":34},{"s":[8],"t":44}],"ix":5},"c":{"a":0,"k":[0.4157,0.6627,0.8745],"ix":3}},{"ty":"tr","a":{"a":0,"k":[0,0],"ix":1},"s":{"a":0,"k":[100,100],"ix":3},"sk":{"a":0,"k":0,"ix":4},"p":{"a":0,"k":[0,0],"ix":2},"r":{"a":0,"k":0,"ix":6},"sa":{"a":0,"k":0,"ix":5},"o":{"a":0,"k":100,"ix":7}}]},{"ty":"gr","bm":0,"hd":false,"mn":"ADBE Vector Group","nm":"mouth","ix":3,"cix":2,"np":2,"it":[{"ty":"sh","bm":0,"hd":false,"mn":"ADBE Vector Shape - Group","nm":"TracÃ© 1","ix":1,"d":1,"ks":{"a":0,"k":{"c":false,"i":[[0,0],[-1.125,-7.875]],"o":[[0,0],[1.125,7.875]],"v":[[14.375,-121.125],[28,-120.125]]},"ix":2}},{"ty":"st","bm":0,"hd":false,"mn":"ADBE Vector Graphic - Stroke","nm":"Contour 1","lc":2,"lj":1,"ml":4,"o":{"a":0,"k":100,"ix":4},"w":{"a":0,"k":2,"ix":5},"c":{"a":0,"k":[0.549,0.549,0.549],"ix":3}},{"ty":"tr","a":{"a":0,"k":[0,0],"ix":1},"s":{"a":0,"k":[100,100],"ix":3},"sk":{"a":0,"k":0,"ix":4},"p":{"a":0,"k":[0,0],"ix":2},"r":{"a":0,"k":0,"ix":6},"sa":{"a":0,"k":0,"ix":5},"o":{"a":0,"k":100,"ix":7}}]},{"ty":"gr","bm":0,"hd":false,"mn":"ADBE Vector Group","nm":"eyes right","ix":4,"cix":2,"np":3,"it":[{"ty":"gr","bm":0,"hd":false,"mn":"ADBE Vector Group","nm":"Forme 1","ix":1,"cix":2,"np":3,"it":[{"ty":"sh","bm":0,"hd":false,"mn":"ADBE Vector Shape - Group","nm":"TracÃ© 1","ix":1,"d":1,"ks":{"a":1,"k":[{"o":{"x":0.333,"y":0},"i":{"x":0.667,"y":1},"s":[{"c":false,"i":[[0,0],[-5.043,0.672]],"o":[[0,0],[5.043,-0.672]],"v":[[8.363,-146.657],[17.04,-144.078]]}],"t":0},{"o":{"x":0.333,"y":0},"i":{"x":0.667,"y":1},"s":[{"c":false,"i":[[0,0],[-4.635,2.748]],"o":[[0,0],[4.376,-2.594]],"v":[[8.305,-147.345],[16.982,-144.766]]}],"t":12.333},{"o":{"x":0.333,"y":0},"i":{"x":0.667,"y":1},"s":[{"c":false,"i":[[0,0],[-5.043,0.672]],"o":[[0,0],[5.043,-0.672]],"v":[[8.363,-146.657],[17.04,-144.078]]}],"t":26.359},{"o":{"x":0.333,"y":0},"i":{"x":0.667,"y":1},"s":[{"c":false,"i":[[0,0],[-4.635,2.748]],"o":[[0,0],[4.376,-2.594]],"v":[[8.305,-147.345],[16.982,-144.766]]}],"t":40.386},{"o":{"x":0.333,"y":0},"i":{"x":0.667,"y":1},"s":[{"c":false,"i":[[0,0],[-5.043,0.672]],"o":[[0,0],[5.043,-0.672]],"v":[[8.363,-146.657],[17.04,-144.078]]}],"t":54.412},{"o":{"x":0.333,"y":0},"i":{"x":0.667,"y":1},"s":[{"c":false,"i":[[0,0],[-4.635,2.748]],"o":[[0,0],[4.376,-2.594]],"v":[[8.305,-147.345],[16.982,-144.766]]}],"t":68.921},{"o":{"x":0.333,"y":0},"i":{"x":0.667,"y":1},"s":[{"c":false,"i":[[0,0],[-5.043,0.672]],"o":[[0,0],[5.043,-0.672]],"v":[[8.363,-146.657],[17.04,-144.078]]}],"t":82.947},{"o":{"x":0.333,"y":0},"i":{"x":0.667,"y":1},"s":[{"c":false,"i":[[0,0],[-4.635,2.748]],"o":[[0,0],[4.376,-2.594]],"v":[[8.305,-147.345],[16.982,-144.766]]}],"t":96.974},{"o":{"x":0.333,"y":0},"i":{"x":0.667,"y":1},"s":[{"c":false,"i":[[0,0],[-5.043,0.672]],"o":[[0,0],[5.043,-0.672]],"v":[[8.363,-146.657],[17.04,-144.078]]}],"t":111},{"s":[{"c":false,"i":[[0,0],[-5.043,0.672]],"o":[[0,0],[5.043,-0.672]],"v":[[8.363,-146.657],[17.04,-144.078]]}],"t":124}],"ix":2}},{"ty":"st","bm":0,"hd":false,"mn":"ADBE Vector Graphic - Stroke","nm":"Contour 1","lc":2,"lj":1,"ml":4,"o":{"a":0,"k":100,"ix":4},"w":{"a":0,"k":2,"ix":5},"c":{"a":0,"k":[0.549,0.549,0.549],"ix":3}},{"ty":"fl","bm":0,"hd":false,"mn":"ADBE Vector Graphic - Fill","nm":"Fond 1","c":{"a":0,"k":[1,0.9961,0.9961],"ix":4},"r":1,"o":{"a":0,"k":100,"ix":5}},{"ty":"tr","a":{"a":0,"k":[0,0],"ix":1},"s":{"a":0,"k":[100,100],"ix":3},"sk":{"a":0,"k":0,"ix":4},"p":{"a":0,"k":[0,0],"ix":2},"r":{"a":0,"k":0,"ix":6},"sa":{"a":0,"k":0,"ix":5},"o":{"a":0,"k":100,"ix":7}}]},{"ty":"gr","bm":0,"hd":false,"mn":"ADBE Vector Group","nm":"Ellipse 2","ix":2,"cix":2,"np":2,"it":[{"ty":"el","bm":0,"hd":false,"mn":"ADBE Vector Shape - Ellipse","nm":"TracÃ© d'ellipse 1","d":1,"p":{"a":0,"k":[0,0],"ix":3},"s":{"a":0,"k":[3,3],"ix":2}},{"ty":"fl","bm":0,"hd":false,"mn":"ADBE Vector Graphic - Fill","nm":"Fond 1","c":{"a":0,"k":[1,0.9961,0.9961],"ix":4},"r":1,"o":{"a":0,"k":100,"ix":5}},{"ty":"tr","a":{"a":0,"k":[0,0],"ix":1},"s":{"a":0,"k":[100,100],"ix":3},"sk":{"a":0,"k":0,"ix":4},"p":{"a":0,"k":[13.125,-138.25],"ix":2},"r":{"a":0,"k":0,"ix":6},"sa":{"a":0,"k":0,"ix":5},"o":{"a":0,"k":100,"ix":7}}]},{"ty":"gr","bm":0,"hd":false,"mn":"ADBE Vector Group","nm":"Ellipse 1","ix":3,"cix":2,"np":2,"it":[{"ty":"el","bm":0,"hd":false,"mn":"ADBE Vector Shape - Ellipse","nm":"TracÃ© d'ellipse 1","d":1,"p":{"a":0,"k":[0,0],"ix":3},"s":{"a":0,"k":[5,8],"ix":2}},{"ty":"fl","bm":0,"hd":false,"mn":"ADBE Vector Graphic - Fill","nm":"Fond 1","c":{"a":0,"k":[0.3373,0.3373,0.3373],"ix":4},"r":1,"o":{"a":0,"k":100,"ix":5}},{"ty":"tr","a":{"a":0,"k":[0,0],"ix":1},"s":{"a":0,"k":[100,100],"ix":3},"sk":{"a":0,"k":0,"ix":4},"p":{"a":0,"k":[12.5,-137],"ix":2},"r":{"a":0,"k":0,"ix":6},"sa":{"a":0,"k":0,"ix":5},"o":{"a":0,"k":100,"ix":7}}]},{"ty":"tr","a":{"a":0,"k":[13.125,-140.125],"ix":1},"s":{"a":0,"k":[100,100],"ix":3},"sk":{"a":0,"k":0,"ix":4},"p":{"a":0,"k":[33.125,-136.875],"ix":2},"r":{"a":0,"k":10,"ix":6},"sa":{"a":0,"k":0,"ix":5},"o":{"a":0,"k":100,"ix":7}}]},{"ty":"gr","bm":0,"hd":false,"mn":"ADBE Vector Group","nm":"eyes left","ix":5,"cix":2,"np":3,"it":[{"ty":"gr","bm":0,"hd":false,"mn":"ADBE Vector Group","nm":"Forme 1","ix":1,"cix":2,"np":3,"it":[{"ty":"sh","bm":0,"hd":false,"mn":"ADBE Vector Shape - Group","nm":"TracÃ© 1","ix":1,"d":1,"ks":{"a":1,"k":[{"o":{"x":0.333,"y":0},"i":{"x":0.667,"y":1},"s":[{"c":false,"i":[[0,0],[-2.625,3.875]],"o":[[0,0],[2.625,-3.875]],"v":[[8.5,-143],[17.75,-147.25]]}],"t":0},{"o":{"x":0.333,"y":0},"i":{"x":0.667,"y":1},"s":[{"c":false,"i":[[0,0],[-1.739,5.855]],"o":[[0,0],[1.333,-4.487]],"v":[[8.442,-143.688],[17.692,-147.938]]}],"t":12.333},{"o":{"x":0.333,"y":0},"i":{"x":0.667,"y":1},"s":[{"c":false,"i":[[0,0],[-2.625,3.875]],"o":[[0,0],[2.625,-3.875]],"v":[[8.5,-143],[17.75,-147.25]]}],"t":26.359},{"o":{"x":0.333,"y":0},"i":{"x":0.667,"y":1},"s":[{"c":false,"i":[[0,0],[-1.739,5.855]],"o":[[0,0],[1.333,-4.487]],"v":[[8.442,-143.688],[17.692,-147.938]]}],"t":40.386},{"o":{"x":0.333,"y":0},"i":{"x":0.667,"y":1},"s":[{"c":false,"i":[[0,0],[-2.625,3.875]],"o":[[0,0],[2.625,-3.875]],"v":[[8.5,-143],[17.75,-147.25]]}],"t":54.412},{"o":{"x":0.333,"y":0},"i":{"x":0.667,"y":1},"s":[{"c":false,"i":[[0,0],[-1.739,5.855]],"o":[[0,0],[1.333,-4.487]],"v":[[8.442,-143.688],[17.692,-147.938]]}],"t":68.921},{"o":{"x":0.333,"y":0},"i":{"x":0.667,"y":1},"s":[{"c":false,"i":[[0,0],[-2.625,3.875]],"o":[[0,0],[2.625,-3.875]],"v":[[8.5,-143],[17.75,-147.25]]}],"t":82.947},{"o":{"x":0.333,"y":0},"i":{"x":0.667,"y":1},"s":[{"c":false,"i":[[0,0],[-1.739,5.855]],"o":[[0,0],[1.333,-4.487]],"v":[[8.442,-143.688],[17.692,-147.938]]}],"t":96.974},{"o":{"x":0.333,"y":0},"i":{"x":0.667,"y":1},"s":[{"c":false,"i":[[0,0],[-2.625,3.875]],"o":[[0,0],[2.625,-3.875]],"v":[[8.5,-143],[17.75,-147.25]]}],"t":111},{"s":[{"c":false,"i":[[0,0],[-2.625,3.875]],"o":[[0,0],[2.625,-3.875]],"v":[[8.5,-143],[17.75,-147.25]]}],"t":124}],"ix":2}},{"ty":"st","bm":0,"hd":false,"mn":"ADBE Vector Graphic - Stroke","nm":"Contour 1","lc":2,"lj":1,"ml":4,"o":{"a":0,"k":100,"ix":4},"w":{"a":0,"k":2,"ix":5},"c":{"a":0,"k":[0.549,0.549,0.549],"ix":3}},{"ty":"fl","bm":0,"hd":false,"mn":"ADBE Vector Graphic - Fill","nm":"Fond 1","c":{"a":0,"k":[1,0.9961,0.9961],"ix":4},"r":1,"o":{"a":0,"k":100,"ix":5}},{"ty":"tr","a":{"a":0,"k":[0,0],"ix":1},"s":{"a":0,"k":[100,100],"ix":3},"sk":{"a":0,"k":0,"ix":4},"p":{"a":0,"k":[0,0],"ix":2},"r":{"a":0,"k":0,"ix":6},"sa":{"a":0,"k":0,"ix":5},"o":{"a":0,"k":100,"ix":7}}]},{"ty":"gr","bm":0,"hd":false,"mn":"ADBE Vector Group","nm":"Ellipse 2","ix":2,"cix":2,"np":2,"it":[{"ty":"el","bm":0,"hd":false,"mn":"ADBE Vector Shape - Ellipse","nm":"TracÃ© d'ellipse 1","d":1,"p":{"a":0,"k":[0,0],"ix":3},"s":{"a":0,"k":[3,3],"ix":2}},{"ty":"fl","bm":0,"hd":false,"mn":"ADBE Vector Graphic - Fill","nm":"Fond 1","c":{"a":0,"k":[1,0.9961,0.9961],"ix":4},"r":1,"o":{"a":0,"k":100,"ix":5}},{"ty":"tr","a":{"a":0,"k":[0,0],"ix":1},"s":{"a":0,"k":[100,100],"ix":3},"sk":{"a":0,"k":0,"ix":4},"p":{"a":0,"k":[13.125,-138.25],"ix":2},"r":{"a":0,"k":0,"ix":6},"sa":{"a":0,"k":0,"ix":5},"o":{"a":0,"k":100,"ix":7}}]},{"ty":"gr","bm":0,"hd":false,"mn":"ADBE Vector Group","nm":"Ellipse 1","ix":3,"cix":2,"np":2,"it":[{"ty":"el","bm":0,"hd":false,"mn":"ADBE Vector Shape - Ellipse","nm":"TracÃ© d'ellipse 1","d":1,"p":{"a":0,"k":[0,0],"ix":3},"s":{"a":0,"k":[5,8],"ix":2}},{"ty":"fl","bm":0,"hd":false,"mn":"ADBE Vector Graphic - Fill","nm":"Fond 1","c":{"a":0,"k":[0.3373,0.3373,0.3373],"ix":4},"r":1,"o":{"a":0,"k":100,"ix":5}},{"ty":"tr","a":{"a":0,"k":[0,0],"ix":1},"s":{"a":0,"k":[100,100],"ix":3},"sk":{"a":0,"k":0,"ix":4},"p":{"a":0,"k":[12.5,-137],"ix":2},"r":{"a":0,"k":0,"ix":6},"sa":{"a":0,"k":0,"ix":5},"o":{"a":0,"k":100,"ix":7}}]},{"ty":"tr","a":{"a":0,"k":[13.125,-140.125],"ix":1},"s":{"a":0,"k":[100,100],"ix":3},"sk":{"a":0,"k":0,"ix":4},"p":{"a":0,"k":[15.625,-138.875],"ix":2},"r":{"a":0,"k":10,"ix":6},"sa":{"a":0,"k":0,"ix":5},"o":{"a":0,"k":100,"ix":7}}]},{"ty":"gr","bm":0,"hd":false,"mn":"ADBE Vector Group","nm":"body","ix":6,"cix":2,"np":3,"it":[{"ty":"gr","bm":0,"hd":false,"mn":"ADBE Vector Group","nm":"plis","ix":1,"cix":2,"np":2,"it":[{"ty":"sh","bm":0,"hd":false,"mn":"ADBE Vector Shape - Group","nm":"TracÃ© 1","ix":1,"d":1,"ks":{"a":0,"k":{"c":false,"i":[[-2.875,0.875],[-15,-1.75]],"o":[[2.875,-0.875],[13.306,1.552]],"v":[[-3,-99.375],[20.875,-99.375]]},"ix":2}},{"ty":"st","bm":0,"hd":false,"mn":"ADBE Vector Graphic - Stroke","nm":"Contour 1","lc":2,"lj":1,"ml":4,"o":{"a":0,"k":100,"ix":4},"w":{"a":0,"k":2,"ix":5},"c":{"a":0,"k":[0.549,0.549,0.549],"ix":3}},{"ty":"tr","a":{"a":0,"k":[0,0],"ix":1},"s":{"a":0,"k":[100,100],"ix":3},"sk":{"a":0,"k":0,"ix":4},"p":{"a":0,"k":[0,0],"ix":2},"r":{"a":0,"k":0,"ix":6},"sa":{"a":0,"k":0,"ix":5},"o":{"a":0,"k":100,"ix":7}}]},{"ty":"gr","bm":0,"hd":false,"mn":"ADBE Vector Group","nm":"angle","ix":2,"cix":2,"np":2,"it":[{"ty":"sh","bm":0,"hd":false,"mn":"ADBE Vector Shape - Group","nm":"TracÃ© 1","ix":1,"d":1,"ks":{"a":1,"k":[{"o":{"x":0.333,"y":0},"i":{"x":0.667,"y":1},"s":[{"c":false,"i":[[0,0],[0,0],[0,0]],"o":[[0,0],[0,0],[0,0]],"v":[[-3.5,-150.625],[8.875,-147.625],[8,-161.5]]}],"t":0},{"o":{"x":0.333,"y":0},"i":{"x":0.667,"y":1},"s":[{"c":false,"i":[[0,0],[0,0],[0,0]],"o":[[0,0],[0,0],[0,0]],"v":[[-3.5,-150.625],[11.625,-151],[8,-161.5]]}],"t":25},{"o":{"x":0.333,"y":0},"i":{"x":0.667,"y":1},"s":[{"c":false,"i":[[0,0],[0,0],[0,0]],"o":[[0,0],[0,0],[0,0]],"v":[[-3.5,-150.625],[8.875,-148.25],[8,-161.5]]}],"t":50},{"o":{"x":0.333,"y":0},"i":{"x":0.667,"y":1},"s":[{"c":false,"i":[[0,0],[0,0],[0,0]],"o":[[0,0],[0,0],[0,0]],"v":[[-3.5,-150.625],[11.75,-151],[8,-161.5]]}],"t":75},{"o":{"x":0.333,"y":0},"i":{"x":0.667,"y":1},"s":[{"c":false,"i":[[0,0],[0,0],[0,0]],"o":[[0,0],[0,0],[0,0]],"v":[[-3.5,-150.625],[8.75,-147.375],[8,-161.5]]}],"t":100},{"s":[{"c":false,"i":[[0,0],[0,0],[0,0]],"o":[[0,0],[0,0],[0,0]],"v":[[-3.5,-150.625],[8.875,-147.625],[8,-161.5]]}],"t":124}],"ix":2}},{"ty":"st","bm":0,"hd":false,"mn":"ADBE Vector Graphic - Stroke","nm":"Contour 1","lc":2,"lj":2,"ml":1,"o":{"a":0,"k":100,"ix":4},"w":{"a":0,"k":3,"ix":5},"c":{"a":0,"k":[0.549,0.549,0.549],"ix":3}},{"ty":"tr","a":{"a":0,"k":[0,0],"ix":1},"s":{"a":0,"k":[100,100],"ix":3},"sk":{"a":0,"k":0,"ix":4},"p":{"a":0,"k":[0,0],"ix":2},"r":{"a":0,"k":0,"ix":6},"sa":{"a":0,"k":0,"ix":5},"o":{"a":0,"k":100,"ix":7}}]},{"ty":"gr","bm":0,"hd":false,"mn":"ADBE Vector Group","nm":"corp","ix":3,"cix":2,"np":3,"it":[{"ty":"sh","bm":0,"hd":false,"mn":"ADBE Vector Shape - Group","nm":"TracÃ© 1","ix":1,"d":1,"ks":{"a":1,"k":[{"o":{"x":0.333,"y":0},"i":{"x":0.667,"y":1},"s":[{"c":true,"i":[[0,0],[0,0],[0,0],[-7.5,-15],[-14.5,-2],[0,0],[-7.688,16.696],[-8.292,3.252],[10.125,0.776]],"o":[[0,0],[0,0],[0,0],[24.5,-4.5],[-1,-14],[0,0],[3.705,-8.046],[-12.384,-4.911],[-13.587,-1.042]],"v":[[7.5,-162],[-4.5,-152],[-13.5,-97],[1,-84],[52,-81.5],[40.5,-98.5],[47.96,-136.143],[65.5,-154.5],[30.607,-162.271]]}],"t":0},{"o":{"x":0.333,"y":0},"i":{"x":0.667,"y":1},"s":[{"c":true,"i":[[0,0],[0,0],[0,0],[-7.5,-15],[-14.5,-2],[0,0],[-7.688,16.696],[-8.875,0.875],[10.125,0.776]],"o":[[0,0],[0,0],[0,0],[24.5,-4.5],[-1,-14],[0,0],[3.705,-8.046],[-9.625,-9.5],[-13.587,-1.042]],"v":[[7.5,-162],[-4.5,-152],[-13.5,-97],[1,-84],[52,-81.5],[40.5,-98.5],[47.96,-136.143],[63.75,-147.875],[29.607,-159.771]]}],"t":25},{"o":{"x":0.333,"y":0},"i":{"x":0.667,"y":1},"s":[{"c":true,"i":[[0,0],[0,0],[0,0],[-7.5,-15],[-14.5,-2],[0,0],[-7.688,16.696],[-1.924,4.606],[10.125,0.776]],"o":[[0,0],[0,0],[0,0],[24.5,-4.5],[-1,-14],[0,0],[3.705,-8.046],[-12.049,3.356],[-13.587,-1.042]],"v":[[7.5,-162],[-4.5,-152],[-13.5,-97],[1,-84],[52,-81.5],[40.5,-98.5],[47.96,-136.143],[60.799,-161.356],[29.107,-163.771]]}],"t":49},{"o":{"x":0.333,"y":0},"i":{"x":0.667,"y":1},"s":[{"c":true,"i":[[0,0],[0,0],[0,0],[-7.5,-15],[-14.5,-2],[0,0],[-7.688,16.696],[-8.875,0.875],[10.125,0.776]],"o":[[0,0],[0,0],[0,0],[24.5,-4.5],[-1,-14],[0,0],[3.705,-8.046],[-9.625,-9.5],[-13.587,-1.042]],"v":[[7.5,-162],[-4.5,-152],[-13.5,-97],[1,-84],[52,-81.5],[40.5,-98.5],[47.96,-136.143],[63.75,-147.875],[30.107,-160.271]]}],"t":71},{"o":{"x":0.333,"y":0},"i":{"x":0.667,"y":1},"s":[{"c":true,"i":[[0,0],[0,0],[0,0],[-7.5,-15],[-14.5,-2],[0,0],[-7.688,16.696],[-1.924,4.606],[10.125,0.776]],"o":[[0,0],[0,0],[0,0],[24.5,-4.5],[-1,-14],[0,0],[3.705,-8.046],[-12.049,3.356],[-13.587,-1.042]],"v":[[7.5,-162],[-4.5,-152],[-13.5,-97],[1,-84],[52,-81.5],[40.5,-98.5],[47.96,-136.143],[60.799,-161.356],[30.607,-162.271]]}],"t":95},{"s":[{"c":true,"i":[[0,0],[0,0],[0,0],[-7.5,-15],[-14.5,-2],[0,0],[-7.688,16.696],[-8.292,3.252],[10.125,0.776]],"o":[[0,0],[0,0],[0,0],[24.5,-4.5],[-1,-14],[0,0],[3.705,-8.046],[-12.384,-4.911],[-13.587,-1.042]],"v":[[7.5,-162],[-4.5,-152],[-13.5,-97],[1,-84],[52,-81.5],[40.5,-98.5],[47.96,-136.143],[65.5,-154.5],[30.607,-162.271]]}],"t":124}],"ix":2}},{"ty":"st","bm":0,"hd":false,"mn":"ADBE Vector Graphic - Stroke","nm":"Contour 1","lc":2,"lj":2,"ml":1,"o":{"a":0,"k":100,"ix":4},"w":{"a":0,"k":3,"ix":5},"c":{"a":0,"k":[0.549,0.549,0.549],"ix":3}},{"ty":"fl","bm":0,"hd":false,"mn":"ADBE Vector Graphic - Fill","nm":"Fond 1","c":{"a":0,"k":[1,1,1],"ix":4},"r":1,"o":{"a":0,"k":100,"ix":5}},{"ty":"tr","a":{"a":0,"k":[0,0],"ix":1},"s":{"a":0,"k":[100,100],"ix":3},"sk":{"a":0,"k":0,"ix":4},"p":{"a":0,"k":[0,0],"ix":2},"r":{"a":0,"k":0,"ix":6},"sa":{"a":0,"k":0,"ix":5},"o":{"a":0,"k":100,"ix":7}}]},{"ty":"tr","a":{"a":0,"k":[26,-122.087],"ix":1},"s":{"a":0,"k":[100,100],"ix":3},"sk":{"a":0,"k":0,"ix":4},"p":{"a":0,"k":[26,-122.087],"ix":2},"r":{"a":0,"k":0,"ix":6},"sa":{"a":0,"k":0,"ix":5},"o":{"a":0,"k":100,"ix":7}}]},{"ty":"gr","bm":0,"hd":false,"mn":"ADBE Vector Group","nm":"foot 2","ix":7,"cix":2,"np":2,"it":[{"ty":"sh","bm":0,"hd":false,"mn":"ADBE Vector Shape - Group","nm":"TracÃ© 1","ix":1,"d":1,"ks":{"a":0,"k":{"c":false,"i":[[0,0],[2.125,-10],[0,0]],"o":[[0,0],[5,0.125],[0,0]],"v":[[1.75,-86.5],[4.375,-70.25],[12.375,-69.625]]},"ix":2}},{"ty":"st","bm":0,"hd":false,"mn":"ADBE Vector Graphic - Stroke","nm":"Contour 1","lc":2,"lj":1,"ml":4,"o":{"a":0,"k":100,"ix":4},"w":{"a":0,"k":3,"ix":5},"c":{"a":0,"k":[0,0,0],"ix":3}},{"ty":"tr","a":{"a":0,"k":[2.563,-85.188],"ix":1},"s":{"a":0,"k":[100,100],"ix":3},"sk":{"a":0,"k":0,"ix":4},"p":{"a":0,"k":[50.688,-82.625],"ix":2},"r":{"a":1,"k":[{"o":{"x":0.333,"y":0},"i":{"x":0.667,"y":1},"s":[0],"t":0},{"o":{"x":0.333,"y":0},"i":{"x":0.667,"y":1},"s":[25],"t":29},{"o":{"x":0.333,"y":0},"i":{"x":0.667,"y":1},"s":[-29.222],"t":59},{"o":{"x":0.333,"y":0},"i":{"x":0.667,"y":1},"s":[25],"t":95},{"s":[0],"t":124}],"ix":6},"sa":{"a":0,"k":0,"ix":5},"o":{"a":0,"k":100,"ix":7}}]},{"ty":"gr","bm":0,"hd":false,"mn":"ADBE Vector Group","nm":"foot","ix":8,"cix":2,"np":2,"it":[{"ty":"sh","bm":0,"hd":false,"mn":"ADBE Vector Shape - Group","nm":"TracÃ© 1","ix":1,"d":1,"ks":{"a":0,"k":{"c":false,"i":[[0,0],[2.125,-10],[0,0]],"o":[[0,0],[5,0.125],[0,0]],"v":[[1.75,-86.5],[4.375,-70.25],[12.375,-69.625]]},"ix":2}},{"ty":"st","bm":0,"hd":false,"mn":"ADBE Vector Graphic - Stroke","nm":"Contour 1","lc":2,"lj":1,"ml":4,"o":{"a":0,"k":100,"ix":4},"w":{"a":0,"k":3,"ix":5},"c":{"a":0,"k":[0,0,0],"ix":3}},{"ty":"tr","a":{"a":0,"k":[2.563,-85.188],"ix":1},"s":{"a":0,"k":[100,100],"ix":3},"sk":{"a":0,"k":0,"ix":4},"p":{"a":0,"k":[2.563,-85.188],"ix":2},"r":{"a":1,"k":[{"o":{"x":0.333,"y":0},"i":{"x":0.667,"y":1},"s":[0],"t":0},{"o":{"x":0.333,"y":0},"i":{"x":0.667,"y":1},"s":[-36],"t":29},{"o":{"x":0.333,"y":0},"i":{"x":0.667,"y":1},"s":[10.6],"t":59},{"o":{"x":0.333,"y":0},"i":{"x":0.667,"y":1},"s":[-36],"t":95},{"s":[0],"t":124}],"ix":6},"sa":{"a":0,"k":0,"ix":5},"o":{"a":0,"k":100,"ix":7}}]},{"ty":"gr","bm":0,"hd":false,"mn":"ADBE Vector Group","nm":"arm 2","ix":9,"cix":2,"np":2,"it":[{"ty":"gr","bm":0,"hd":false,"mn":"ADBE Vector Group","nm":"Forme 1","ix":1,"cix":2,"np":2,"it":[{"ty":"sh","bm":0,"hd":false,"mn":"ADBE Vector Shape - Group","nm":"TracÃ© 1","ix":1,"d":1,"ks":{"a":0,"k":{"c":false,"i":[[0,0],[3,-23.25]],"o":[[0,0],[-2.788,21.607]],"v":[[-3,-131.25],[-27,-87.5]]},"ix":2}},{"ty":"st","bm":0,"hd":false,"mn":"ADBE Vector Graphic - Stroke","nm":"Contour 1","lc":2,"lj":1,"ml":4,"o":{"a":0,"k":100,"ix":4},"w":{"a":0,"k":3,"ix":5},"c":{"a":0,"k":[0,0,0],"ix":3}},{"ty":"tr","a":{"a":0,"k":[0,0],"ix":1},"s":{"a":0,"k":[100,100],"ix":3},"sk":{"a":0,"k":0,"ix":4},"p":{"a":0,"k":[0,0],"ix":2},"r":{"a":0,"k":0,"ix":6},"sa":{"a":0,"k":0,"ix":5},"o":{"a":0,"k":100,"ix":7}}]},{"ty":"gr","bm":0,"hd":false,"mn":"ADBE Vector Group","nm":"Ellipse 1","ix":2,"cix":2,"np":2,"it":[{"ty":"el","bm":0,"hd":false,"mn":"ADBE Vector Shape - Ellipse","nm":"TracÃ© d'ellipse 1","d":1,"p":{"a":0,"k":[0,0],"ix":3},"s":{"a":0,"k":[8,8],"ix":2}},{"ty":"fl","bm":0,"hd":false,"mn":"ADBE Vector Graphic - Fill","nm":"Fond 1","c":{"a":0,"k":[0,0,0],"ix":4},"r":1,"o":{"a":0,"k":100,"ix":5}},{"ty":"tr","a":{"a":0,"k":[0,0],"ix":1},"s":{"a":0,"k":[100,100],"ix":3},"sk":{"a":0,"k":0,"ix":4},"p":{"a":0,"k":[-27.25,-86],"ix":2},"r":{"a":0,"k":0,"ix":6},"sa":{"a":0,"k":0,"ix":5},"o":{"a":0,"k":100,"ix":7}}]},{"ty":"tr","a":{"a":0,"k":[52.875,-107.875],"ix":1},"s":{"a":0,"k":[100,100],"ix":3},"sk":{"a":0,"k":0,"ix":4},"p":{"a":0,"k":[52.875,-107.875],"ix":2},"r":{"a":0,"k":0,"ix":6},"sa":{"a":0,"k":0,"ix":5},"o":{"a":0,"k":100,"ix":7}}]},{"ty":"gr","bm":0,"hd":false,"mn":"ADBE Vector Group","nm":"arm","ix":10,"cix":2,"np":2,"it":[{"ty":"gr","bm":0,"hd":false,"mn":"ADBE Vector Group","nm":"Forme 1","ix":1,"cix":2,"np":2,"it":[{"ty":"sh","bm":0,"hd":false,"mn":"ADBE Vector Shape - Group","nm":"TracÃ© 1","ix":1,"d":1,"ks":{"a":0,"k":{"c":false,"i":[[0,0],[3,-23.25]],"o":[[0,0],[-2.788,21.607]],"v":[[44,-133.75],[57.5,-87]]},"ix":2}},{"ty":"st","bm":0,"hd":false,"mn":"ADBE Vector Graphic - Stroke","nm":"Contour 1","lc":2,"lj":1,"ml":4,"o":{"a":0,"k":100,"ix":4},"w":{"a":0,"k":3,"ix":5},"c":{"a":0,"k":[0,0,0],"ix":3}},{"ty":"tr","a":{"a":0,"k":[0,0],"ix":1},"s":{"a":0,"k":[100,100],"ix":3},"sk":{"a":0,"k":0,"ix":4},"p":{"a":0,"k":[0,0],"ix":2},"r":{"a":0,"k":0,"ix":6},"sa":{"a":0,"k":0,"ix":5},"o":{"a":0,"k":100,"ix":7}}]},{"ty":"gr","bm":0,"hd":false,"mn":"ADBE Vector Group","nm":"Ellipse 1","ix":2,"cix":2,"np":2,"it":[{"ty":"el","bm":0,"hd":false,"mn":"ADBE Vector Shape - Ellipse","nm":"TracÃ© d'ellipse 1","d":1,"p":{"a":0,"k":[0,0],"ix":3},"s":{"a":0,"k":[8,8],"ix":2}},{"ty":"fl","bm":0,"hd":false,"mn":"ADBE Vector Graphic - Fill","nm":"Fond 1","c":{"a":0,"k":[0,0,0],"ix":4},"r":1,"o":{"a":0,"k":100,"ix":5}},{"ty":"tr","a":{"a":0,"k":[0,0],"ix":1},"s":{"a":0,"k":[100,100],"ix":3},"sk":{"a":0,"k":0,"ix":4},"p":{"a":0,"k":[57.75,-86],"ix":2},"r":{"a":0,"k":0,"ix":6},"sa":{"a":0,"k":0,"ix":5},"o":{"a":0,"k":100,"ix":7}}]},{"ty":"tr","a":{"a":0,"k":[52.875,-107.875],"ix":1},"s":{"a":0,"k":[100,100],"ix":3},"sk":{"a":0,"k":0,"ix":4},"p":{"a":0,"k":[52.875,-107.875],"ix":2},"r":{"a":0,"k":0,"ix":6},"sa":{"a":0,"k":0,"ix":5},"o":{"a":0,"k":100,"ix":7}}]},{"ty":"gr","bm":0,"hd":false,"mn":"ADBE Vector Group","nm":"shadow","ix":11,"cix":2,"np":2,"it":[{"ty":"sh","bm":0,"hd":false,"mn":"ADBE Vector Shape - Group","nm":"TracÃ© 1","ix":1,"d":1,"ks":{"a":0,"k":{"c":true,"i":[[0,0],[0,0],[3.625,-6.75],[0,0]],"o":[[0,0],[0,0],[45.75,-3.625],[0,0]],"v":[[35.625,-97.75],[-12.75,-97.125],[-8.5,-78.625],[46.125,-77.25]]},"ix":2}},{"ty":"fl","bm":0,"hd":false,"mn":"ADBE Vector Graphic - Fill","nm":"Fond 1","c":{"a":0,"k":[0,0,0],"ix":4},"r":1,"o":{"a":0,"k":100,"ix":5}},{"ty":"tr","a":{"a":0,"k":[0,0],"ix":1},"s":{"a":0,"k":[100,100],"ix":3},"sk":{"a":0,"k":0,"ix":4},"p":{"a":0,"k":[0,0],"ix":2},"r":{"a":0,"k":0,"ix":6},"sa":{"a":0,"k":0,"ix":5},"o":{"a":0,"k":17,"ix":7}}]}],"ind":6,"parent":18},{"ty":4,"nm":"#wind5","sr":1,"st":104,"op":125,"ip":104,"hd":false,"ln":"wind5","ddd":0,"bm":0,"hasMask":false,"ao":0,"ks":{"a":{"a":0,"k":[0,0,0],"ix":1},"s":{"a":0,"k":[100,100,100],"ix":6},"sk":{"a":0,"k":0},"p":{"a":0,"k":[290.5,-73.5,0],"ix":2},"r":{"a":0,"k":0,"ix":10},"sa":{"a":0,"k":0},"o":{"a":0,"k":100,"ix":11}},"ef":[],"shapes":[{"ty":"gr","bm":0,"hd":false,"mn":"ADBE Vector Group","nm":"Forme 1","ix":1,"cix":2,"np":2,"it":[{"ty":"sh","bm":0,"hd":false,"mn":"ADBE Vector Shape - Group","nm":"TracÃ© 1","ix":1,"d":1,"ks":{"a":0,"k":{"c":false,"i":[[0,0],[0,0]],"o":[[0,0],[0,0]],"v":[[-256,-130],[60,-130]]},"ix":2}},{"ty":"st","bm":0,"hd":false,"mn":"ADBE Vector Graphic - Stroke","nm":"Contour 1","lc":1,"lj":1,"ml":4,"o":{"a":0,"k":100,"ix":4},"w":{"a":0,"k":3,"ix":5},"c":{"a":0,"k":[1,1,1],"ix":3}},{"ty":"tr","a":{"a":0,"k":[0,0],"ix":1},"s":{"a":0,"k":[100,100],"ix":3},"sk":{"a":0,"k":0,"ix":4},"p":{"a":0,"k":[0,0],"ix":2},"r":{"a":0,"k":0,"ix":6},"sa":{"a":0,"k":0,"ix":5},"o":{"a":0,"k":100,"ix":7}}]},{"ty":"tm","bm":0,"hd":false,"mn":"ADBE Vector Filter - Trim","nm":"RÃ©duire les tracÃ©s 1","ix":2,"e":{"a":1,"k":[{"o":{"x":0.333,"y":0},"i":{"x":0.197,"y":1},"s":[0],"t":104},{"s":[100],"t":125}],"ix":2},"o":{"a":0,"k":0,"ix":3},"s":{"a":1,"k":[{"o":{"x":0.333,"y":0},"i":{"x":0,"y":1},"s":[0],"t":112},{"s":[100],"t":125}],"ix":1},"m":1}],"ind":7,"parent":18},{"ty":4,"nm":"#wind4","sr":1,"st":73,"op":94,"ip":73,"hd":false,"ln":"wind4","ddd":0,"bm":0,"hasMask":false,"ao":0,"ks":{"a":{"a":0,"k":[0,0,0],"ix":1},"s":{"a":0,"k":[100,100,100],"ix":6},"sk":{"a":0,"k":0},"p":{"a":0,"k":[100.5,-133.5,0],"ix":2},"r":{"a":0,"k":0,"ix":10},"sa":{"a":0,"k":0},"o":{"a":0,"k":100,"ix":11}},"ef":[],"shapes":[{"ty":"gr","bm":0,"hd":false,"mn":"ADBE Vector Group","nm":"Forme 1","ix":1,"cix":2,"np":2,"it":[{"ty":"sh","bm":0,"hd":false,"mn":"ADBE Vector Shape - Group","nm":"TracÃ© 1","ix":1,"d":1,"ks":{"a":0,"k":{"c":false,"i":[[0,0],[0,0]],"o":[[0,0],[0,0]],"v":[[-256,-130],[60,-130]]},"ix":2}},{"ty":"st","bm":0,"hd":false,"mn":"ADBE Vector Graphic - Stroke","nm":"Contour 1","lc":1,"lj":1,"ml":4,"o":{"a":0,"k":100,"ix":4},"w":{"a":0,"k":3,"ix":5},"c":{"a":0,"k":[1,1,1],"ix":3}},{"ty":"tr","a":{"a":0,"k":[0,0],"ix":1},"s":{"a":0,"k":[100,100],"ix":3},"sk":{"a":0,"k":0,"ix":4},"p":{"a":0,"k":[0,0],"ix":2},"r":{"a":0,"k":0,"ix":6},"sa":{"a":0,"k":0,"ix":5},"o":{"a":0,"k":100,"ix":7}}]},{"ty":"tm","bm":0,"hd":false,"mn":"ADBE Vector Filter - Trim","nm":"RÃ©duire les tracÃ©s 1","ix":2,"e":{"a":1,"k":[{"o":{"x":0.333,"y":0},"i":{"x":0.197,"y":1},"s":[0],"t":73},{"s":[100],"t":94}],"ix":2},"o":{"a":0,"k":0,"ix":3},"s":{"a":1,"k":[{"o":{"x":0.333,"y":0},"i":{"x":0,"y":1},"s":[0],"t":81},{"s":[100],"t":94}],"ix":1},"m":1}],"ind":8,"parent":18},{"ty":4,"nm":"#wind 5","sr":1,"st":80,"op":106,"ip":80,"hd":false,"ln":"wind","ddd":0,"bm":0,"hasMask":false,"ao":0,"ks":{"a":{"a":0,"k":[0,0,0],"ix":1},"s":{"a":0,"k":[100,100,100],"ix":6},"sk":{"a":0,"k":0},"p":{"a":0,"k":[100.5,6.5,0],"ix":2},"r":{"a":0,"k":0,"ix":10},"sa":{"a":0,"k":0},"o":{"a":0,"k":100,"ix":11}},"ef":[],"shapes":[{"ty":"gr","bm":0,"hd":false,"mn":"ADBE Vector Group","nm":"Forme 1","ix":1,"cix":2,"np":2,"it":[{"ty":"sh","bm":0,"hd":false,"mn":"ADBE Vector Shape - Group","nm":"TracÃ© 1","ix":1,"d":1,"ks":{"a":0,"k":{"c":false,"i":[[0,0],[0,0]],"o":[[0,0],[0,0]],"v":[[-256,-130],[270,-130]]},"ix":2}},{"ty":"st","bm":0,"hd":false,"mn":"ADBE Vector Graphic - Stroke","nm":"Contour 1","lc":1,"lj":1,"ml":4,"o":{"a":0,"k":100,"ix":4},"w":{"a":0,"k":3,"ix":5},"c":{"a":0,"k":[0.7176,0.7176,0.7176],"ix":3}},{"ty":"tr","a":{"a":0,"k":[0,0],"ix":1},"s":{"a":0,"k":[100,100],"ix":3},"sk":{"a":0,"k":0,"ix":4},"p":{"a":0,"k":[0,0],"ix":2},"r":{"a":0,"k":0,"ix":6},"sa":{"a":0,"k":0,"ix":5},"o":{"a":0,"k":100,"ix":7}}]},{"ty":"tm","bm":0,"hd":false,"mn":"ADBE Vector Filter - Trim","nm":"RÃ©duire les tracÃ©s 1","ix":2,"e":{"a":1,"k":[{"o":{"x":0.333,"y":0},"i":{"x":0.197,"y":1},"s":[0],"t":80},{"s":[100],"t":105}],"ix":2},"o":{"a":0,"k":0,"ix":3},"s":{"a":1,"k":[{"o":{"x":0.333,"y":0},"i":{"x":0,"y":1},"s":[0],"t":88},{"s":[100],"t":105}],"ix":1},"m":1}],"ind":9,"parent":18},{"ty":4,"nm":"#wind3","sr":1,"st":46,"op":67,"ip":46,"hd":false,"ln":"wind3","ddd":0,"bm":0,"hasMask":false,"ao":0,"ks":{"a":{"a":0,"k":[0,0,0],"ix":1},"s":{"a":0,"k":[100,100,100],"ix":6},"sk":{"a":0,"k":0},"p":{"a":0,"k":[290.5,-73.5,0],"ix":2},"r":{"a":0,"k":0,"ix":10},"sa":{"a":0,"k":0},"o":{"a":0,"k":100,"ix":11}},"ef":[],"shapes":[{"ty":"gr","bm":0,"hd":false,"mn":"ADBE Vector Group","nm":"Forme 1","ix":1,"cix":2,"np":2,"it":[{"ty":"sh","bm":0,"hd":false,"mn":"ADBE Vector Shape - Group","nm":"TracÃ© 1","ix":1,"d":1,"ks":{"a":0,"k":{"c":false,"i":[[0,0],[0,0]],"o":[[0,0],[0,0]],"v":[[-256,-130],[60,-130]]},"ix":2}},{"ty":"st","bm":0,"hd":false,"mn":"ADBE Vector Graphic - Stroke","nm":"Contour 1","lc":1,"lj":1,"ml":4,"o":{"a":0,"k":100,"ix":4},"w":{"a":0,"k":3,"ix":5},"c":{"a":0,"k":[1,1,1],"ix":3}},{"ty":"tr","a":{"a":0,"k":[0,0],"ix":1},"s":{"a":0,"k":[100,100],"ix":3},"sk":{"a":0,"k":0,"ix":4},"p":{"a":0,"k":[0,0],"ix":2},"r":{"a":0,"k":0,"ix":6},"sa":{"a":0,"k":0,"ix":5},"o":{"a":0,"k":100,"ix":7}}]},{"ty":"tm","bm":0,"hd":false,"mn":"ADBE Vector Filter - Trim","nm":"RÃ©duire les tracÃ©s 1","ix":2,"e":{"a":1,"k":[{"o":{"x":0.333,"y":0},"i":{"x":0.197,"y":1},"s":[0],"t":46},{"s":[100],"t":67}],"ix":2},"o":{"a":0,"k":0,"ix":3},"s":{"a":1,"k":[{"o":{"x":0.333,"y":0},"i":{"x":0,"y":1},"s":[0],"t":54},{"s":[100],"t":67}],"ix":1},"m":1}],"ind":10,"parent":18},{"ty":4,"nm":"#wind 3","sr":1,"st":20,"op":46,"ip":20,"hd":false,"ln":"wind","ddd":0,"bm":0,"hasMask":false,"ao":0,"ks":{"a":{"a":0,"k":[0,0,0],"ix":1},"s":{"a":0,"k":[100,100,100],"ix":6},"sk":{"a":0,"k":0},"p":{"a":0,"k":[100.5,-143.5,0],"ix":2},"r":{"a":0,"k":0,"ix":10},"sa":{"a":0,"k":0},"o":{"a":0,"k":100,"ix":11}},"ef":[],"shapes":[{"ty":"gr","bm":0,"hd":false,"mn":"ADBE Vector Group","nm":"Forme 1","ix":1,"cix":2,"np":2,"it":[{"ty":"sh","bm":0,"hd":false,"mn":"ADBE Vector Shape - Group","nm":"TracÃ© 1","ix":1,"d":1,"ks":{"a":0,"k":{"c":false,"i":[[0,0],[0,0]],"o":[[0,0],[0,0]],"v":[[-107,-130],[270,-130]]},"ix":2}},{"ty":"st","bm":0,"hd":false,"mn":"ADBE Vector Graphic - Stroke","nm":"Contour 1","lc":1,"lj":1,"ml":4,"o":{"a":0,"k":100,"ix":4},"w":{"a":0,"k":3,"ix":5},"c":{"a":0,"k":[0.7176,0.7176,0.7176],"ix":3}},{"ty":"tr","a":{"a":0,"k":[0,0],"ix":1},"s":{"a":0,"k":[100,100],"ix":3},"sk":{"a":0,"k":0,"ix":4},"p":{"a":0,"k":[0,0],"ix":2},"r":{"a":0,"k":0,"ix":6},"sa":{"a":0,"k":0,"ix":5},"o":{"a":0,"k":100,"ix":7}}]},{"ty":"tm","bm":0,"hd":false,"mn":"ADBE Vector Filter - Trim","nm":"RÃ©duire les tracÃ©s 1","ix":2,"e":{"a":1,"k":[{"o":{"x":0.333,"y":0},"i":{"x":0.197,"y":1},"s":[0],"t":20},{"s":[100],"t":45}],"ix":2},"o":{"a":0,"k":0,"ix":3},"s":{"a":1,"k":[{"o":{"x":0.333,"y":0},"i":{"x":0,"y":1},"s":[0],"t":28},{"s":[100],"t":45}],"ix":1},"m":1}],"ind":11,"parent":18},{"ty":4,"nm":"#wind 2","sr":1,"st":37,"op":63,"ip":37,"hd":false,"ln":"wind","ddd":0,"bm":0,"hasMask":false,"ao":0,"ks":{"a":{"a":0,"k":[0,0,0],"ix":1},"s":{"a":0,"k":[100,100,100],"ix":6},"sk":{"a":0,"k":0},"p":{"a":0,"k":[100.5,6.5,0],"ix":2},"r":{"a":0,"k":0,"ix":10},"sa":{"a":0,"k":0},"o":{"a":0,"k":100,"ix":11}},"ef":[],"shapes":[{"ty":"gr","bm":0,"hd":false,"mn":"ADBE Vector Group","nm":"Forme 1","ix":1,"cix":2,"np":2,"it":[{"ty":"sh","bm":0,"hd":false,"mn":"ADBE Vector Shape - Group","nm":"TracÃ© 1","ix":1,"d":1,"ks":{"a":0,"k":{"c":false,"i":[[0,0],[0,0]],"o":[[0,0],[0,0]],"v":[[-256,-130],[270,-130]]},"ix":2}},{"ty":"st","bm":0,"hd":false,"mn":"ADBE Vector Graphic - Stroke","nm":"Contour 1","lc":1,"lj":1,"ml":4,"o":{"a":0,"k":100,"ix":4},"w":{"a":0,"k":3,"ix":5},"c":{"a":0,"k":[0.7176,0.7176,0.7176],"ix":3}},{"ty":"tr","a":{"a":0,"k":[0,0],"ix":1},"s":{"a":0,"k":[100,100],"ix":3},"sk":{"a":0,"k":0,"ix":4},"p":{"a":0,"k":[0,0],"ix":2},"r":{"a":0,"k":0,"ix":6},"sa":{"a":0,"k":0,"ix":5},"o":{"a":0,"k":100,"ix":7}}]},{"ty":"tm","bm":0,"hd":false,"mn":"ADBE Vector Filter - Trim","nm":"RÃ©duire les tracÃ©s 1","ix":2,"e":{"a":1,"k":[{"o":{"x":0.333,"y":0},"i":{"x":0.197,"y":1},"s":[0],"t":37},{"s":[100],"t":62}],"ix":2},"o":{"a":0,"k":0,"ix":3},"s":{"a":1,"k":[{"o":{"x":0.333,"y":0},"i":{"x":0,"y":1},"s":[0],"t":45},{"s":[100],"t":62}],"ix":1},"m":1}],"ind":12,"parent":18},{"ty":4,"nm":"shadow","sr":1,"st":0,"op":125,"ip":0,"hd":false,"ddd":0,"bm":0,"hasMask":true,"ao":0,"ks":{"a":{"a":0,"k":[0,0,0],"ix":1},"s":{"a":0,"k":[100,100,100],"ix":6},"sk":{"a":0,"k":0},"p":{"a":0,"k":[202,14.5,0],"ix":2},"r":{"a":0,"k":0,"ix":10},"sa":{"a":0,"k":0},"o":{"a":0,"k":10,"ix":11}},"ef":[],"masksProperties":[{"nm":"Masque 1","inv":false,"mode":"s","x":{"a":0,"k":0,"ix":4},"o":{"a":0,"k":100,"ix":3},"pt":{"a":0,"k":{"c":true,"i":[[0,0],[0,0],[0,0],[0,0]],"o":[[0,0],[0,0],[0,0],[0,0]],"v":[[212.5,-24],[-26,-24],[-26,39],[212.5,39]]},"ix":1}},{"nm":"Masque 2","inv":false,"mode":"s","x":{"a":0,"k":0,"ix":4},"o":{"a":0,"k":100,"ix":3},"pt":{"a":0,"k":{"c":true,"i":[[0,0],[37,-26.5],[10.5,-14.5],[0,0],[0,0],[0,0]],"o":[[0,0],[-37,26.5],[-10.5,14.5],[0,0],[0,0],[0,0]],"v":[[155,-235.5],[60.5,-229.5],[-2.5,-122.5],[-26.5,-52],[48.5,-35],[158,-41.5]]},"ix":1}}],"shapes":[{"ty":"gr","bm":0,"hd":false,"mn":"ADBE Vector Group","nm":"4","ix":1,"cix":2,"np":4,"it":[{"ty":"sh","bm":0,"hd":false,"mn":"ADBE Vector Shape - Group","nm":"4","ix":1,"d":1,"ks":{"a":0,"k":{"c":true,"i":[[0,0],[0,0],[0,0],[0,0],[0,0],[0,0],[0,0],[0,0],[0,0],[0,0],[0,0],[0,0]],"o":[[0,0],[0,0],[0,0],[0,0],[0,0],[0,0],[0,0],[0,0],[0,0],[0,0],[0,0],[0,0]],"v":[[139.106,-212.883],[91.222,-212.883],[91.222,-212.457],[8.383,-79.176],[11.225,-49.906],[91.222,-49.906],[91.222,-6],[139.106,-6],[139.106,-49.906],[160.135,-49.906],[160.135,-86.849],[139.106,-86.849]]},"ix":2}},{"ty":"sh","bm":0,"hd":false,"mn":"ADBE Vector Shape - Group","nm":"4","ix":2,"d":1,"ks":{"a":0,"k":{"c":true,"i":[[0,0],[0,0],[0,0],[0,0]],"o":[[0,0],[0,0],[0,0],[0,0]],"v":[[88.238,-145.674],[91.222,-150.505],[91.222,-86.849],[53.994,-86.849]]},"ix":2}},{"ty":"mm","bm":0,"hd":false,"mn":"ADBE Vector Filter - Merge","nm":"Fusionner les tracÃ©s 1","mm":1},{"ty":"fl","bm":0,"hd":false,"mn":"ADBE Vector Graphic - Fill","nm":"Fond 1","c":{"a":0,"k":[0,0,0],"ix":4},"r":1,"o":{"a":0,"k":100,"ix":5}},{"ty":"tr","a":{"a":0,"k":[91.327,-6.373],"ix":1},"s":{"a":0,"k":[100,100],"ix":3},"sk":{"a":0,"k":0,"ix":4},"p":{"a":0,"k":[58.5,3],"ix":2},"r":{"a":0,"k":9,"ix":6},"sa":{"a":0,"k":0,"ix":5},"o":{"a":0,"k":100,"ix":7}}]}],"ind":13,"parent":18},{"ty":4,"nm":"#4last","sr":1,"st":0,"op":125,"ip":0,"hd":false,"ln":"4last","ddd":0,"bm":0,"hasMask":true,"ao":0,"ks":{"a":{"a":0,"k":[0,0,0],"ix":1},"s":{"a":0,"k":[100,100,100],"ix":6},"sk":{"a":0,"k":0},"p":{"a":0,"k":[202,14.5,0],"ix":2},"r":{"a":0,"k":0,"ix":10},"sa":{"a":0,"k":0},"o":{"a":0,"k":100,"ix":11}},"ef":[],"masksProperties":[{"nm":"Masque 1","inv":false,"mode":"s","x":{"a":0,"k":0,"ix":4},"o":{"a":0,"k":100,"ix":3},"pt":{"a":0,"k":{"c":true,"i":[[0,0],[0,0],[0,0],[0,0]],"o":[[0,0],[0,0],[0,0],[0,0]],"v":[[212.5,-24],[-26,-24],[-26,39],[212.5,39]]},"ix":1}}],"shapes":[{"ty":"gr","bm":0,"hd":false,"mn":"ADBE Vector Group","nm":"4","ix":1,"cix":2,"np":4,"it":[{"ty":"sh","bm":0,"hd":false,"mn":"ADBE Vector Shape - Group","nm":"4","ix":1,"d":1,"ks":{"a":0,"k":{"c":true,"i":[[0,0],[0,0],[0,0],[0,0],[0,0],[0,0],[0,0],[0,0],[0,0],[0,0],[0,0],[0,0]],"o":[[0,0],[0,0],[0,0],[0,0],[0,0],[0,0],[0,0],[0,0],[0,0],[0,0],[0,0],[0,0]],"v":[[139.106,-212.883],[91.222,-212.883],[91.222,-212.457],[8.383,-79.176],[11.225,-49.906],[91.222,-49.906],[91.222,-6],[139.106,-6],[139.106,-49.906],[160.135,-49.906],[160.135,-86.849],[139.106,-86.849]]},"ix":2}},{"ty":"sh","bm":0,"hd":false,"mn":"ADBE Vector Shape - Group","nm":"4","ix":2,"d":1,"ks":{"a":0,"k":{"c":true,"i":[[0,0],[0,0],[0,0],[0,0]],"o":[[0,0],[0,0],[0,0],[0,0]],"v":[[88.238,-145.674],[91.222,-150.505],[91.222,-86.849],[53.994,-86.849]]},"ix":2}},{"ty":"mm","bm":0,"hd":false,"mn":"ADBE Vector Filter - Merge","nm":"Fusionner les tracÃ©s 1","mm":1},{"ty":"fl","bm":0,"hd":false,"mn":"ADBE Vector Graphic - Fill","nm":"Fond 1","c":{"a":0,"k":[0.549,0.549,0.549],"ix":4},"r":1,"o":{"a":0,"k":100,"ix":5}},{"ty":"tr","a":{"a":0,"k":[91.327,-6.373],"ix":1},"s":{"a":0,"k":[100,100],"ix":3},"sk":{"a":0,"k":0,"ix":4},"p":{"a":0,"k":[58.5,3],"ix":2},"r":{"a":0,"k":9,"ix":6},"sa":{"a":0,"k":0,"ix":5},"o":{"a":0,"k":100,"ix":7}}]}],"ind":14,"parent":18},{"ty":4,"nm":"shadow","sr":1,"st":0,"op":125,"ip":0,"hd":false,"ddd":0,"bm":0,"hasMask":true,"ao":0,"ks":{"a":{"a":0,"k":[0,0,0],"ix":1},"s":{"a":0,"k":[100,100,100],"ix":6},"sk":{"a":0,"k":0},"p":{"a":0,"k":[-126,14.5,0],"ix":2},"r":{"a":0,"k":0,"ix":10},"sa":{"a":0,"k":0},"o":{"a":0,"k":10,"ix":11}},"ef":[],"masksProperties":[{"nm":"Masque 1","inv":false,"mode":"s","x":{"a":0,"k":0,"ix":4},"o":{"a":0,"k":100,"ix":3},"pt":{"a":0,"k":{"c":true,"i":[[0,0],[0,0],[0,0],[0,0]],"o":[[0,0],[0,0],[0,0],[0,0]],"v":[[212.5,-24],[-26,-24],[-26,39],[212.5,39]]},"ix":1}},{"nm":"Masque 2","inv":false,"mode":"s","x":{"a":0,"k":0,"ix":4},"o":{"a":0,"k":100,"ix":3},"pt":{"a":0,"k":{"c":true,"i":[[46,-1.5],[34.5,-13],[-21,-61.5],[0,0],[0,0],[0,0]],"o":[[-46,1.5],[-34.5,13],[21,61.5],[0,0],[0,0],[0,0]],"v":[[78,-236],[1,-228],[-56.5,-151.5],[-21.5,-31.5],[157,-45.5],[141,-145]]},"ix":1}}],"shapes":[{"ty":"gr","bm":0,"hd":false,"mn":"ADBE Vector Group","nm":"4","ix":1,"cix":2,"np":5,"it":[{"ty":"sh","bm":0,"hd":false,"mn":"ADBE Vector Shape - Group","nm":"4","ix":1,"d":1,"ks":{"a":0,"k":{"c":true,"i":[[0,0],[0,0],[0,0],[0,0],[0,0],[0,0],[0,0],[0,0],[0,0],[0,0],[0,0],[0,0]],"o":[[0,0],[0,0],[0,0],[0,0],[0,0],[0,0],[0,0],[0,0],[0,0],[0,0],[0,0],[0,0]],"v":[[139.106,-212.883],[91.222,-212.883],[91.222,-212.457],[8.383,-79.176],[11.225,-49.906],[91.222,-49.906],[91.222,-6],[139.106,-6],[139.106,-49.906],[160.135,-49.906],[160.135,-86.849],[139.106,-86.849]]},"ix":2}},{"ty":"sh","bm":0,"hd":false,"mn":"ADBE Vector Shape - Group","nm":"4","ix":2,"d":1,"ks":{"a":0,"k":{"c":true,"i":[[0,0],[0,0],[0,0],[0,0]],"o":[[0,0],[0,0],[0,0],[0,0]],"v":[[88.238,-145.674],[91.222,-150.505],[91.222,-86.849],[53.994,-86.849]]},"ix":2}},{"ty":"mm","bm":0,"hd":false,"mn":"ADBE Vector Filter - Merge","nm":"Fusionner les tracÃ©s 1","mm":1},{"ty":"fl","bm":0,"hd":false,"mn":"ADBE Vector Graphic - Fill","nm":"Fond 1","c":{"a":0,"k":[0,0,0],"ix":4},"r":1,"o":{"a":0,"k":100,"ix":5}},{"ty":"tr","a":{"a":0,"k":[91.327,-6.373],"ix":1},"s":{"a":0,"k":[100,100],"ix":3},"sk":{"a":0,"k":0,"ix":4},"p":{"a":0,"k":[104,-5],"ix":2},"r":{"a":0,"k":-29,"ix":6},"sa":{"a":0,"k":0,"ix":5},"o":{"a":0,"k":100,"ix":7}}]}],"ind":15,"parent":18},{"ty":4,"nm":"#4","sr":1,"st":0,"op":125,"ip":0,"hd":false,"ln":"4","ddd":0,"bm":0,"hasMask":true,"ao":0,"ks":{"a":{"a":0,"k":[0,0,0],"ix":1},"s":{"a":0,"k":[100,100,100],"ix":6},"sk":{"a":0,"k":0},"p":{"a":0,"k":[-126,14.5,0],"ix":2},"r":{"a":0,"k":0,"ix":10},"sa":{"a":0,"k":0},"o":{"a":0,"k":100,"ix":11}},"ef":[],"masksProperties":[{"nm":"Masque 1","inv":false,"mode":"s","x":{"a":0,"k":0,"ix":4},"o":{"a":0,"k":100,"ix":3},"pt":{"a":0,"k":{"c":true,"i":[[0,0],[0,0],[0,0],[0,0]],"o":[[0,0],[0,0],[0,0],[0,0]],"v":[[212.5,-24],[-26,-24],[-26,39],[212.5,39]]},"ix":1}}],"shapes":[{"ty":"gr","bm":0,"hd":false,"mn":"ADBE Vector Group","nm":"4","ix":1,"cix":2,"np":5,"it":[{"ty":"sh","bm":0,"hd":false,"mn":"ADBE Vector Shape - Group","nm":"4","ix":1,"d":1,"ks":{"a":0,"k":{"c":true,"i":[[0,0],[0,0],[0,0],[0,0],[0,0],[0,0],[0,0],[0,0],[0,0],[0,0],[0,0],[0,0]],"o":[[0,0],[0,0],[0,0],[0,0],[0,0],[0,0],[0,0],[0,0],[0,0],[0,0],[0,0],[0,0]],"v":[[139.106,-212.883],[91.222,-212.883],[91.222,-212.457],[8.383,-79.176],[11.225,-49.906],[91.222,-49.906],[91.222,-6],[139.106,-6],[139.106,-49.906],[160.135,-49.906],[160.135,-86.849],[139.106,-86.849]]},"ix":2}},{"ty":"sh","bm":0,"hd":false,"mn":"ADBE Vector Shape - Group","nm":"4","ix":2,"d":1,"ks":{"a":0,"k":{"c":true,"i":[[0,0],[0,0],[0,0],[0,0]],"o":[[0,0],[0,0],[0,0],[0,0]],"v":[[88.238,-145.674],[91.222,-150.505],[91.222,-86.849],[53.994,-86.849]]},"ix":2}},{"ty":"mm","bm":0,"hd":false,"mn":"ADBE Vector Filter - Merge","nm":"Fusionner les tracÃ©s 1","mm":1},{"ty":"fl","bm":0,"hd":false,"mn":"ADBE Vector Graphic - Fill","nm":"Fond 1","c":{"a":0,"k":[0.549,0.549,0.549],"ix":4},"r":1,"o":{"a":0,"k":100,"ix":5}},{"ty":"tr","a":{"a":0,"k":[91.327,-6.373],"ix":1},"s":{"a":0,"k":[100,100],"ix":3},"sk":{"a":0,"k":0,"ix":4},"p":{"a":0,"k":[104,-5],"ix":2},"r":{"a":0,"k":-29,"ix":6},"sa":{"a":0,"k":0,"ix":5},"o":{"a":0,"k":100,"ix":7}}]}],"ind":16,"parent":18},{"ty":4,"nm":"shadow","sr":1,"st":0,"op":125,"ip":0,"hd":false,"ddd":0,"bm":0,"hasMask":true,"ao":0,"ks":{"a":{"a":0,"k":[0,0,0],"ix":1},"s":{"a":0,"k":[100,100,100],"ix":6},"sk":{"a":0,"k":0},"p":{"a":0,"k":[241.5,302.5,0],"ix":2},"r":{"a":0,"k":0,"ix":10},"sa":{"a":0,"k":0},"o":{"a":0,"k":10,"ix":11}},"ef":[],"masksProperties":[{"nm":"Masque 1","inv":false,"mode":"s","x":{"a":0,"k":0,"ix":4},"o":{"a":0,"k":100,"ix":3},"pt":{"a":0,"k":{"c":true,"i":[[0,0],[0,0],[0,0],[0,0]],"o":[[0,0],[0,0],[0,0],[0,0]],"v":[[254.5,-9],[-66.5,-9],[-66.5,63.5],[254.5,63.5]]},"ix":1}},{"nm":"Masque 2","inv":false,"mode":"s","x":{"a":0,"k":0,"ix":4},"o":{"a":0,"k":100,"ix":3},"pt":{"a":0,"k":{"c":true,"i":[[-1.5,0],[0,0],[-41.5,0],[0,0],[0,0]],"o":[[1.5,0],[0,0],[41.5,0],[0,0],[0,0]],"v":[[6,-263.5],[22.5,-45],[93.5,-17.5],[177,-31],[233.5,-243.5]]},"ix":1}}],"shapes":[{"ty":"gr","bm":0,"hd":false,"mn":"ADBE Vector Group","nm":"0","ix":1,"cix":2,"np":5,"it":[{"ty":"sh","bm":0,"hd":false,"mn":"ADBE Vector Shape - Group","nm":"0","ix":1,"d":1,"ks":{"a":0,"k":{"c":true,"i":[[0,0],[12.597,15.252],[22.923,0],[12.551,-15.155],[0,-27.943],[0,0],[-12.599,-15.25],[-23.019,0],[-12.553,15.157],[0,27.945]],"o":[[0,-27.85],[-12.599,-15.25],[-22.925,0],[-12.553,15.157],[0,0],[0,27.756],[12.597,15.252],[22.828,0],[12.551,-15.155],[0,0]],"v":[[156.299,-128.197],[137.401,-192.848],[84.117,-215.725],[30.905,-192.99],[12.078,-128.339],[12.078,-90.543],[30.976,-26.035],[84.401,-3.158],[137.472,-25.893],[156.299,-90.543]]},"ix":2}},{"ty":"sh","bm":0,"hd":false,"mn":"ADBE Vector Shape - Group","nm":"0","ix":2,"d":1,"ks":{"a":0,"k":{"c":true,"i":[[0,0],[3.883,-6.962],[8.146,0],[3.883,7.153],[0,15.441],[0,0],[-3.743,6.82],[-8.241,0],[-3.885,-7.34],[0,-14.871]],"o":[[-0.095,14.873],[-3.885,6.962],[-8.432,0],[-3.885,-7.151],[0,0],[0.284,-13.829],[3.741,-6.82],[8.43,0],[3.883,7.342],[0,0]],"v":[[108.415,-83.297],[102.447,-50.545],[84.401,-40.102],[65.93,-50.829],[60.104,-84.718],[60.104,-137.575],[66.143,-168.551],[84.117,-178.781],[102.589,-167.769],[108.415,-134.449]]},"ix":2}},{"ty":"mm","bm":0,"hd":false,"mn":"ADBE Vector Filter - Merge","nm":"Fusionner les tracÃ©s 1","mm":1},{"ty":"st","bm":0,"hd":false,"mn":"ADBE Vector Graphic - Stroke","nm":"Contour 1","lc":1,"lj":1,"ml":4,"o":{"a":0,"k":100,"ix":4},"w":{"a":0,"k":3,"ix":5},"c":{"a":0,"k":[0,0,0],"ix":3}},{"ty":"fl","bm":0,"hd":false,"mn":"ADBE Vector Graphic - Fill","nm":"Fond 1","c":{"a":0,"k":[0,0,0],"ix":4},"r":1,"o":{"a":0,"k":100,"ix":5}},{"ty":"tr","a":{"a":0,"k":[0,0],"ix":1},"s":{"a":0,"k":[100,100],"ix":3},"sk":{"a":0,"k":0,"ix":4},"p":{"a":0,"k":[0,0],"ix":2},"r":{"a":0,"k":13,"ix":6},"sa":{"a":0,"k":0,"ix":5},"o":{"a":0,"k":100,"ix":7}}]}],"ind":17},{"ty":4,"nm":"#0","sr":1,"st":0,"op":125,"ip":0,"hd":false,"ln":"0","ddd":0,"bm":0,"hasMask":true,"ao":0,"ks":{"a":{"a":0,"k":[0,0,0],"ix":1},"s":{"a":0,"k":[100,100,100],"ix":6},"sk":{"a":0,"k":0},"p":{"a":0,"k":[241.5,302.5,0],"ix":2},"r":{"a":0,"k":0,"ix":10},"sa":{"a":0,"k":0},"o":{"a":0,"k":100,"ix":11}},"ef":[],"masksProperties":[{"nm":"Masque 1","inv":false,"mode":"s","x":{"a":0,"k":0,"ix":4},"o":{"a":0,"k":100,"ix":3},"pt":{"a":0,"k":{"c":true,"i":[[0,0],[0,0],[0,0],[0,0]],"o":[[0,0],[0,0],[0,0],[0,0]],"v":[[254.5,-9],[-66.5,-9],[-66.5,63.5],[254.5,63.5]]},"ix":1}}],"shapes":[{"ty":"gr","bm":0,"hd":false,"mn":"ADBE Vector Group","nm":"0","ix":1,"cix":2,"np":5,"it":[{"ty":"sh","bm":0,"hd":false,"mn":"ADBE Vector Shape - Group","nm":"0","ix":1,"d":1,"ks":{"a":0,"k":{"c":true,"i":[[0,0],[12.597,15.252],[22.923,0],[12.551,-15.155],[0,-27.943],[0,0],[-12.599,-15.25],[-23.019,0],[-12.553,15.157],[0,27.945]],"o":[[0,-27.85],[-12.599,-15.25],[-22.925,0],[-12.553,15.157],[0,0],[0,27.756],[12.597,15.252],[22.828,0],[12.551,-15.155],[0,0]],"v":[[156.299,-128.197],[137.401,-192.848],[84.117,-215.725],[30.905,-192.99],[12.078,-128.339],[12.078,-90.543],[30.976,-26.035],[84.401,-3.158],[137.472,-25.893],[156.299,-90.543]]},"ix":2}},{"ty":"sh","bm":0,"hd":false,"mn":"ADBE Vector Shape - Group","nm":"0","ix":2,"d":1,"ks":{"a":0,"k":{"c":true,"i":[[0,0],[3.883,-6.962],[8.146,0],[3.883,7.153],[0,15.441],[0,0],[-3.743,6.82],[-8.241,0],[-3.885,-7.34],[0,-14.871]],"o":[[-0.095,14.873],[-3.885,6.962],[-8.432,0],[-3.885,-7.151],[0,0],[0.284,-13.829],[3.741,-6.82],[8.43,0],[3.883,7.342],[0,0]],"v":[[108.415,-83.297],[102.447,-50.545],[84.401,-40.102],[65.93,-50.829],[60.104,-84.718],[60.104,-137.575],[66.143,-168.551],[84.117,-178.781],[102.589,-167.769],[108.415,-134.449]]},"ix":2}},{"ty":"mm","bm":0,"hd":false,"mn":"ADBE Vector Filter - Merge","nm":"Fusionner les tracÃ©s 1","mm":1},{"ty":"st","bm":0,"hd":false,"mn":"ADBE Vector Graphic - Stroke","nm":"Contour 1","lc":1,"lj":1,"ml":4,"o":{"a":0,"k":100,"ix":4},"w":{"a":0,"k":3,"ix":5},"c":{"a":0,"k":[0.549,0.549,0.549],"ix":3}},{"ty":"fl","bm":0,"hd":false,"mn":"ADBE Vector Graphic - Fill","nm":"Fond 1","c":{"a":0,"k":[1,1,1],"ix":4},"r":1,"o":{"a":0,"k":100,"ix":5}},{"ty":"tr","a":{"a":0,"k":[0,0],"ix":1},"s":{"a":0,"k":[100,100],"ix":3},"sk":{"a":0,"k":0,"ix":4},"p":{"a":0,"k":[0,0],"ix":2},"r":{"a":0,"k":13,"ix":6},"sa":{"a":0,"k":0,"ix":5},"o":{"a":0,"k":100,"ix":7}}]}],"ind":18}],"v":"5.7.1","fr":14,"op":125,"ip":0,"assets":[]}