{"v":"5.5.8","fr":29.9700012207031,"ip":0,"op":61.0000024845809,"w":500,"h":500,"nm":"error","ddd":1,"assets":[{"id":"comp_0","layers":[{"ddd":0,"ind":1,"ty":4,"nm":"Camada 3 Outlines","sr":1,"ks":{"o":{"a":0,"k":100,"ix":11},"r":{"a":0,"k":0,"ix":10},"p":{"a":0,"k":[1014.975,529.809,0],"ix":2},"a":{"a":0,"k":[126.16,126.16,0],"ix":1},"s":{"a":0,"k":[100,100,100],"ix":6}},"ao":0,"shapes":[{"ty":"gr","it":[{"ind":0,"ty":"sh","ix":1,"ks":{"a":0,"k":{"i":[[0,0],[8.912,-8.913],[8.913,8.912],[0,0],[-8.911,8.901],[-8.912,-8.912]],"o":[[8.912,8.912],[-8.912,8.912],[0,0],[-8.911,-8.912],[8.913,-8.912],[0,0]],"v":[[116.998,84.727],[116.998,116.998],[84.726,116.998],[-116.999,-84.727],[-116.999,-116.998],[-84.728,-116.998]],"c":true},"ix":2},"nm":"Path 1","mn":"ADBE Vector Shape - Group","hd":false},{"ty":"fl","c":{"a":0,"k":[0.9686274509803922,0.19607843137254902,0.24705882352941178,1],"ix":4},"o":{"a":0,"k":100,"ix":5},"r":1,"bm":0,"nm":"Fill 1","mn":"ADBE Vector Graphic - Fill","hd":false},{"ty":"tr","p":{"a":0,"k":[126.159,126.16],"ix":2},"a":{"a":0,"k":[0,0],"ix":1},"s":{"a":0,"k":[100,100],"ix":3},"r":{"a":0,"k":0,"ix":6},"o":{"a":0,"k":100,"ix":7},"sk":{"a":0,"k":0,"ix":4},"sa":{"a":0,"k":0,"ix":5},"nm":"Transform"}],"nm":"Group 1","np":2,"cix":2,"bm":0,"ix":1,"mn":"ADBE Vector Group","hd":false}],"ip":0,"op":902.000036739213,"st":0,"bm":0}]},{"id":"comp_1","layers":[{"ddd":0,"ind":1,"ty":4,"nm":"Camada 3 Outlines","sr":1,"ks":{"o":{"a":0,"k":100,"ix":11},"r":{"a":0,"k":0,"ix":10},"p":{"a":0,"k":[1014.975,529.809,0],"ix":2},"a":{"a":0,"k":[126.16,126.16,0],"ix":1},"s":{"a":0,"k":[100,100,100],"ix":6}},"ao":0,"shapes":[{"ty":"gr","it":[{"ind":0,"ty":"sh","ix":1,"ks":{"a":0,"k":{"i":[[0,0],[8.912,-8.913],[8.913,8.912],[0,0],[-8.911,8.901],[-8.912,-8.912]],"o":[[8.912,8.912],[-8.912,8.912],[0,0],[-8.911,-8.912],[8.913,-8.912],[0,0]],"v":[[116.998,84.727],[116.998,116.998],[84.726,116.998],[-116.999,-84.727],[-116.999,-116.998],[-84.728,-116.998]],"c":true},"ix":2},"nm":"Path 1","mn":"ADBE Vector Shape - Group","hd":false},{"ty":"fl","c":{"a":0,"k":[0.858823529412,0.858823529412,0.858823529412,1],"ix":4},"o":{"a":0,"k":100,"ix":5},"r":1,"bm":0,"nm":"Fill 1","mn":"ADBE Vector Graphic - Fill","hd":false},{"ty":"tr","p":{"a":0,"k":[126.159,126.16],"ix":2},"a":{"a":0,"k":[0,0],"ix":1},"s":{"a":0,"k":[100,100],"ix":3},"r":{"a":0,"k":0,"ix":6},"o":{"a":0,"k":100,"ix":7},"sk":{"a":0,"k":0,"ix":4},"sa":{"a":0,"k":0,"ix":5},"nm":"Transform"}],"nm":"Group 1","np":2,"cix":2,"bm":0,"ix":1,"mn":"ADBE Vector Group","hd":false}],"ip":0,"op":902.000036739213,"st":0,"bm":0}]},{"id":"comp_2","layers":[{"ddd":0,"ind":1,"ty":4,"nm":"Camada 3 Outlines","sr":1,"ks":{"o":{"a":0,"k":100,"ix":11},"r":{"a":0,"k":0,"ix":10},"p":{"a":0,"k":[1014.975,529.809,0],"ix":2},"a":{"a":0,"k":[126.16,126.16,0],"ix":1},"s":{"a":0,"k":[100,100,100],"ix":6}},"ao":0,"shapes":[{"ty":"gr","it":[{"ind":0,"ty":"sh","ix":1,"ks":{"a":0,"k":{"i":[[0,0],[8.912,-8.913],[8.913,8.912],[0,0],[-8.911,8.901],[-8.912,-8.912]],"o":[[8.912,8.912],[-8.912,8.912],[0,0],[-8.911,-8.912],[8.913,-8.912],[0,0]],"v":[[116.998,84.727],[116.998,116.998],[84.726,116.998],[-116.999,-84.727],[-116.999,-116.998],[-84.728,-116.998]],"c":true},"ix":2},"nm":"Path 1","mn":"ADBE Vector Shape - Group","hd":false},{"ty":"fl","c":{"a":0,"k":[0.9686274509803922,0.19607843137254902,0.24705882352941178,1],"ix":4},"o":{"a":0,"k":100,"ix":5},"r":1,"bm":0,"nm":"Fill 1","mn":"ADBE Vector Graphic - Fill","hd":false},{"ty":"tr","p":{"a":0,"k":[126.159,126.16],"ix":2},"a":{"a":0,"k":[0,0],"ix":1},"s":{"a":0,"k":[100,100],"ix":3},"r":{"a":0,"k":0,"ix":6},"o":{"a":0,"k":100,"ix":7},"sk":{"a":0,"k":0,"ix":4},"sa":{"a":0,"k":0,"ix":5},"nm":"Transform"}],"nm":"Group 1","np":2,"cix":2,"bm":0,"ix":1,"mn":"ADBE Vector Group","hd":false}],"ip":0,"op":902.000036739213,"st":0,"bm":0}]},{"id":"comp_3","layers":[{"ddd":1,"ind":1,"ty":4,"nm":"Camada 1 Outlines","sr":1,"ks":{"o":{"a":0,"k":100,"ix":11},"rx":{"a":0,"k":180,"ix":8},"ry":{"a":0,"k":0,"ix":9},"rz":{"a":0,"k":-137,"ix":10},"or":{"a":0,"k":[0,0,0],"ix":7},"p":{"a":0,"k":[1012.472,525.808,0],"ix":2},"a":{"a":0,"k":[234.02,234.025,0],"ix":1},"s":{"a":0,"k":[100,100,100],"ix":6}},"ao":0,"shapes":[{"ty":"gr","it":[{"ind":0,"ty":"sh","ix":1,"ks":{"a":0,"k":{"i":[[83.082,83.083],[83.091,-83.091],[-83.083,-83.091],[-83.092,83.091]],"o":[[-83.083,-83.083],[-83.091,83.091],[83.083,83.091],[83.082,-83.091]],"v":[[150.688,-150.683],[-150.679,-150.683],[-150.679,150.684],[150.688,150.684]],"c":true},"ix":2},"nm":"Path 1","mn":"ADBE Vector Shape - Group","hd":false},{"ty":"tr","p":{"a":0,"k":[234.02,234.025],"ix":2},"a":{"a":0,"k":[0,0],"ix":1},"s":{"a":0,"k":[100,100],"ix":3},"r":{"a":0,"k":0,"ix":6},"o":{"a":0,"k":100,"ix":7},"sk":{"a":0,"k":0,"ix":4},"sa":{"a":0,"k":0,"ix":5},"nm":"Transform"}],"nm":"Group 1","np":2,"cix":2,"bm":0,"ix":1,"mn":"ADBE Vector Group","hd":false},{"ty":"st","c":{"a":0,"k":[0.9686274509803922,0.19607843137254902,0.24705882352941178,1],"ix":3},"o":{"a":0,"k":100,"ix":4},"w":{"a":0,"k":36,"ix":5},"lc":2,"lj":1,"ml":4,"bm":0,"d":[{"n":"d","nm":"dash","v":{"a":0,"k":1344,"ix":1}},{"n":"o","nm":"offset","v":{"a":1,"k":[{"i":{"x":[0.833],"y":[0.833]},"o":{"x":[0.167],"y":[0.167]},"t":0,"s":[1341]},{"t":25.0000010182709,"s":[1]}],"ix":7}}],"nm":"Stroke 1","mn":"ADBE Vector Graphic - Stroke","hd":false}],"ip":0,"op":902.000036739213,"st":0,"bm":0}]},{"id":"comp_4","layers":[{"ddd":1,"ind":1,"ty":4,"nm":"Camada 1 Outlines","sr":1,"ks":{"o":{"a":0,"k":100,"ix":11},"rx":{"a":0,"k":180,"ix":8},"ry":{"a":0,"k":0,"ix":9},"rz":{"a":0,"k":-137,"ix":10},"or":{"a":0,"k":[0,0,0],"ix":7},"p":{"a":0,"k":[1012.472,525.808,0],"ix":2},"a":{"a":0,"k":[234.02,234.025,0],"ix":1},"s":{"a":0,"k":[100,100,100],"ix":6}},"ao":0,"shapes":[{"ty":"gr","it":[{"ind":0,"ty":"sh","ix":1,"ks":{"a":0,"k":{"i":[[83.082,83.083],[83.091,-83.091],[-83.083,-83.091],[-83.092,83.091]],"o":[[-83.083,-83.083],[-83.091,83.091],[83.083,83.091],[83.082,-83.091]],"v":[[150.688,-150.683],[-150.679,-150.683],[-150.679,150.684],[150.688,150.684]],"c":true},"ix":2},"nm":"Path 1","mn":"ADBE Vector Shape - Group","hd":false},{"ty":"tr","p":{"a":0,"k":[234.02,234.025],"ix":2},"a":{"a":0,"k":[0,0],"ix":1},"s":{"a":0,"k":[100,100],"ix":3},"r":{"a":0,"k":0,"ix":6},"o":{"a":0,"k":100,"ix":7},"sk":{"a":0,"k":0,"ix":4},"sa":{"a":0,"k":0,"ix":5},"nm":"Transform"}],"nm":"Group 1","np":2,"cix":2,"bm":0,"ix":1,"mn":"ADBE Vector Group","hd":false},{"ty":"st","c":{"a":0,"k":[0.858823537827,0.858823537827,0.858823537827,1],"ix":3},"o":{"a":0,"k":100,"ix":4},"w":{"a":0,"k":36,"ix":5},"lc":2,"lj":1,"ml":4,"bm":0,"d":[{"n":"d","nm":"dash","v":{"a":0,"k":1344,"ix":1}},{"n":"o","nm":"offset","v":{"a":1,"k":[{"i":{"x":[0.833],"y":[0.833]},"o":{"x":[0.167],"y":[0.167]},"t":0,"s":[1341]},{"t":25.0000010182709,"s":[1]}],"ix":7}}],"nm":"Stroke 1","mn":"ADBE Vector Graphic - Stroke","hd":false}],"ip":0,"op":902.000036739213,"st":0,"bm":0}]},{"id":"comp_5","layers":[{"ddd":1,"ind":1,"ty":4,"nm":"Camada 1 Outlines","sr":1,"ks":{"o":{"a":0,"k":100,"ix":11},"rx":{"a":0,"k":180,"ix":8},"ry":{"a":0,"k":0,"ix":9},"rz":{"a":0,"k":-137,"ix":10},"or":{"a":0,"k":[0,0,0],"ix":7},"p":{"a":0,"k":[1012.472,525.808,0],"ix":2},"a":{"a":0,"k":[234.02,234.025,0],"ix":1},"s":{"a":0,"k":[100,100,100],"ix":6}},"ao":0,"shapes":[{"ty":"gr","it":[{"ind":0,"ty":"sh","ix":1,"ks":{"a":0,"k":{"i":[[83.082,83.083],[83.091,-83.091],[-83.083,-83.091],[-83.092,83.091]],"o":[[-83.083,-83.083],[-83.091,83.091],[83.083,83.091],[83.082,-83.091]],"v":[[150.688,-150.683],[-150.679,-150.683],[-150.679,150.684],[150.688,150.684]],"c":true},"ix":2},"nm":"Path 1","mn":"ADBE Vector Shape - Group","hd":false},{"ty":"tr","p":{"a":0,"k":[234.02,234.025],"ix":2},"a":{"a":0,"k":[0,0],"ix":1},"s":{"a":0,"k":[100,100],"ix":3},"r":{"a":0,"k":0,"ix":6},"o":{"a":0,"k":100,"ix":7},"sk":{"a":0,"k":0,"ix":4},"sa":{"a":0,"k":0,"ix":5},"nm":"Transform"}],"nm":"Group 1","np":2,"cix":2,"bm":0,"ix":1,"mn":"ADBE Vector Group","hd":false},{"ty":"st","c":{"a":0,"k":[0.858823537827,0.89411765337,0.917647063732,1],"ix":3},"o":{"a":0,"k":100,"ix":4},"w":{"a":0,"k":36,"ix":5},"lc":2,"lj":1,"ml":4,"bm":0,"d":[{"n":"d","nm":"dash","v":{"a":0,"k":1344,"ix":1}},{"n":"o","nm":"offset","v":{"a":1,"k":[{"i":{"x":[0.833],"y":[0.833]},"o":{"x":[0.167],"y":[0.167]},"t":0,"s":[1341]},{"t":25.0000010182709,"s":[1]}],"ix":7}}],"nm":"Stroke 1","mn":"ADBE Vector Graphic - Stroke","hd":false}],"ip":0,"op":902.000036739213,"st":0,"bm":0}]}],"layers":[{"ddd":1,"ind":1,"ty":0,"nm":"/ C","refId":"comp_0","sr":1,"ks":{"o":{"a":0,"k":100,"ix":11},"rx":{"a":0,"k":0,"ix":8},"ry":{"a":0,"k":180,"ix":9},"rz":{"a":0,"k":0,"ix":10},"or":{"a":0,"k":[0,0,0],"ix":7},"p":{"a":0,"k":[294,261.5,0],"ix":2},"a":{"a":0,"k":[960,540,0],"ix":1},"s":{"a":0,"k":[80,80,80],"ix":6}},"ao":0,"hasMask":true,"masksProperties":[{"inv":false,"mode":"a","pt":{"a":1,"k":[{"i":{"x":0.667,"y":1},"o":{"x":0.333,"y":0},"t":19,"s":[{"i":[[11.046,0],[0,0],[0,-11.046],[0,0],[-11.046,0],[0,0],[15.332,49.008],[0,0]],"o":[[0,0],[-11.046,0],[0,0],[0,11.046],[0,0],[36.332,12.008],[0,0],[0,-11.046]],"v":[[1139.668,378],[888,378],[868,398],[868,657.992],[888,677.992],[849.668,409.992],[904.668,351.992],[1159.668,398]],"c":true}]},{"t":36.0000014663101,"s":[{"i":[[11.046,0],[0,0],[0,-11.046],[0,0],[-11.046,0],[0,0],[15.332,49.008],[0,0]],"o":[[0,0],[-11.046,0],[0,0],[0,11.046],[0,0],[36.332,12.008],[0,0],[0,-11.046]],"v":[[1139.668,378],[888,378],[868,398],[868,657.992],[888,677.992],[1120.668,692.992],[1175.668,634.992],[1159.668,398]],"c":true}]}],"ix":1},"o":{"a":0,"k":100,"ix":3},"x":{"a":0,"k":0,"ix":4},"nm":"Mask 1"}],"w":1920,"h":1080,"ip":19.0000007738859,"op":921.000037513099,"st":19.0000007738859,"bm":0},{"ddd":0,"ind":2,"ty":0,"nm":"/ C","refId":"comp_0","sr":1,"ks":{"o":{"a":0,"k":100,"ix":11},"r":{"a":0,"k":0,"ix":10},"p":{"a":0,"k":[205,262,0],"ix":2},"a":{"a":0,"k":[960,540,0],"ix":1},"s":{"a":0,"k":[80,80,100],"ix":6}},"ao":0,"hasMask":true,"masksProperties":[{"inv":false,"mode":"a","pt":{"a":1,"k":[{"i":{"x":0.667,"y":1},"o":{"x":0.333,"y":0},"t":17,"s":[{"i":[[11.046,0],[0,0],[0,-11.046],[0,0],[-11.046,0],[0,0],[15.332,49.008],[0,0]],"o":[[0,0],[-11.046,0],[0,0],[0,11.046],[0,0],[36.332,12.008],[0,0],[0,-11.046]],"v":[[1139.668,378],[888,378],[868,398],[868,657.992],[888,677.992],[849.668,409.992],[904.668,351.992],[1159.668,398]],"c":true}]},{"t":34.0000013848484,"s":[{"i":[[11.046,0],[0,0],[0,-11.046],[0,0],[-11.046,0],[0,0],[15.332,49.008],[0,0]],"o":[[0,0],[-11.046,0],[0,0],[0,11.046],[0,0],[36.332,12.008],[0,0],[0,-11.046]],"v":[[1139.668,378],[888,378],[868,398],[868,657.992],[888,677.992],[1120.668,692.992],[1175.668,634.992],[1159.668,398]],"c":true}]}],"ix":1},"o":{"a":0,"k":100,"ix":3},"x":{"a":0,"k":0,"ix":4},"nm":"Mask 1"}],"w":1920,"h":1080,"ip":17.0000006924242,"op":919.000037431637,"st":17.0000006924242,"bm":0},{"ddd":1,"ind":3,"ty":0,"nm":"/ B","refId":"comp_1","sr":1,"ks":{"o":{"a":1,"k":[{"i":{"x":[0.833],"y":[0.833]},"o":{"x":[0.167],"y":[0.167]},"t":32,"s":[100]},{"t":35.0000014255792,"s":[0]}],"ix":11},"rx":{"a":0,"k":0,"ix":8},"ry":{"a":0,"k":180,"ix":9},"rz":{"a":0,"k":0,"ix":10},"or":{"a":0,"k":[0,0,0],"ix":7},"p":{"a":0,"k":[294,261.5,0],"ix":2},"a":{"a":0,"k":[960,540,0],"ix":1},"s":{"a":0,"k":[80,80,80],"ix":6}},"ao":0,"hasMask":true,"masksProperties":[{"inv":false,"mode":"a","pt":{"a":1,"k":[{"i":{"x":0.667,"y":1},"o":{"x":0.333,"y":0},"t":13,"s":[{"i":[[11.046,0],[0,0],[0,-11.046],[0,0],[-11.046,0],[0,0],[15.332,49.008],[0,0]],"o":[[0,0],[-11.046,0],[0,0],[0,11.046],[0,0],[36.332,12.008],[0,0],[0,-11.046]],"v":[[1139.668,378],[888,378],[868,398],[868,657.992],[888,677.992],[849.668,409.992],[904.668,351.992],[1159.668,398]],"c":true}]},{"t":30.0000012219251,"s":[{"i":[[11.046,0],[0,0],[0,-11.046],[0,0],[-11.046,0],[0,0],[15.332,49.008],[0,0]],"o":[[0,0],[-11.046,0],[0,0],[0,11.046],[0,0],[36.332,12.008],[0,0],[0,-11.046]],"v":[[1139.668,378],[888,378],[868,398],[868,657.992],[888,677.992],[1120.668,692.992],[1175.668,634.992],[1159.668,398]],"c":true}]}],"ix":1},"o":{"a":0,"k":100,"ix":3},"x":{"a":0,"k":0,"ix":4},"nm":"Mask 1"}],"w":1920,"h":1080,"ip":13.0000005295009,"op":915.000037268714,"st":13.0000005295009,"bm":0},{"ddd":0,"ind":4,"ty":0,"nm":"/ B","refId":"comp_1","sr":1,"ks":{"o":{"a":1,"k":[{"i":{"x":[0.833],"y":[0.833]},"o":{"x":[0.167],"y":[0.167]},"t":32,"s":[100]},{"t":35.0000014255792,"s":[0]}],"ix":11},"r":{"a":0,"k":0,"ix":10},"p":{"a":0,"k":[205,262,0],"ix":2},"a":{"a":0,"k":[960,540,0],"ix":1},"s":{"a":0,"k":[80,80,100],"ix":6}},"ao":0,"hasMask":true,"masksProperties":[{"inv":false,"mode":"a","pt":{"a":1,"k":[{"i":{"x":0.667,"y":1},"o":{"x":0.333,"y":0},"t":11,"s":[{"i":[[11.046,0],[0,0],[0,-11.046],[0,0],[-11.046,0],[0,0],[15.332,49.008],[0,0]],"o":[[0,0],[-11.046,0],[0,0],[0,11.046],[0,0],[36.332,12.008],[0,0],[0,-11.046]],"v":[[1139.668,378],[888,378],[868,398],[868,657.992],[888,677.992],[849.668,409.992],[904.668,351.992],[1159.668,398]],"c":true}]},{"t":28.0000011404634,"s":[{"i":[[11.046,0],[0,0],[0,-11.046],[0,0],[-11.046,0],[0,0],[15.332,49.008],[0,0]],"o":[[0,0],[-11.046,0],[0,0],[0,11.046],[0,0],[36.332,12.008],[0,0],[0,-11.046]],"v":[[1139.668,378],[888,378],[868,398],[868,657.992],[888,677.992],[1120.668,692.992],[1175.668,634.992],[1159.668,398]],"c":true}]}],"ix":1},"o":{"a":0,"k":100,"ix":3},"x":{"a":0,"k":0,"ix":4},"nm":"Mask 1"}],"w":1920,"h":1080,"ip":11.0000004480392,"op":913.000037187252,"st":11.0000004480392,"bm":0},{"ddd":1,"ind":5,"ty":0,"nm":"/ A","refId":"comp_2","sr":1,"ks":{"o":{"a":1,"k":[{"i":{"x":[0.833],"y":[0.833]},"o":{"x":[0.167],"y":[0.167]},"t":32,"s":[100]},{"t":35.0000014255792,"s":[0]}],"ix":11},"rx":{"a":0,"k":0,"ix":8},"ry":{"a":0,"k":180,"ix":9},"rz":{"a":0,"k":0,"ix":10},"or":{"a":0,"k":[0,0,0],"ix":7},"p":{"a":0,"k":[294,261.5,0],"ix":2},"a":{"a":0,"k":[960,540,0],"ix":1},"s":{"a":0,"k":[80,80,80],"ix":6}},"ao":0,"hasMask":true,"masksProperties":[{"inv":false,"mode":"a","pt":{"a":1,"k":[{"i":{"x":0.667,"y":1},"o":{"x":0.333,"y":0},"t":9,"s":[{"i":[[11.046,0],[0,0],[0,-11.046],[0,0],[-11.046,0],[0,0],[15.332,49.008],[0,0]],"o":[[0,0],[-11.046,0],[0,0],[0,11.046],[0,0],[36.332,12.008],[0,0],[0,-11.046]],"v":[[1139.668,378],[888,378],[868,398],[868,657.992],[888,677.992],[849.668,409.992],[904.668,351.992],[1159.668,398]],"c":true}]},{"t":26.0000010590017,"s":[{"i":[[11.046,0],[0,0],[0,-11.046],[0,0],[-11.046,0],[0,0],[15.332,49.008],[0,0]],"o":[[0,0],[-11.046,0],[0,0],[0,11.046],[0,0],[36.332,12.008],[0,0],[0,-11.046]],"v":[[1139.668,378],[888,378],[868,398],[868,657.992],[888,677.992],[1120.668,692.992],[1175.668,634.992],[1159.668,398]],"c":true}]}],"ix":1},"o":{"a":0,"k":100,"ix":3},"x":{"a":0,"k":0,"ix":4},"nm":"Mask 1"}],"w":1920,"h":1080,"ip":9.00000036657752,"op":911.000037105791,"st":9.00000036657752,"bm":0},{"ddd":0,"ind":6,"ty":0,"nm":"/ A","refId":"comp_2","sr":1,"ks":{"o":{"a":1,"k":[{"i":{"x":[0.833],"y":[0.833]},"o":{"x":[0.167],"y":[0.167]},"t":32,"s":[100]},{"t":35.0000014255792,"s":[0]}],"ix":11},"r":{"a":0,"k":0,"ix":10},"p":{"a":0,"k":[205,262,0],"ix":2},"a":{"a":0,"k":[960,540,0],"ix":1},"s":{"a":0,"k":[80,80,100],"ix":6}},"ao":0,"hasMask":true,"masksProperties":[{"inv":false,"mode":"a","pt":{"a":1,"k":[{"i":{"x":0.667,"y":1},"o":{"x":0.333,"y":0},"t":7,"s":[{"i":[[11.046,0],[0,0],[0,-11.046],[0,0],[-11.046,0],[0,0],[15.332,49.008],[0,0]],"o":[[0,0],[-11.046,0],[0,0],[0,11.046],[0,0],[36.332,12.008],[0,0],[0,-11.046]],"v":[[1139.668,378],[888,378],[868,398],[868,657.992],[888,677.992],[849.668,409.992],[904.668,351.992],[1159.668,398]],"c":true}]},{"t":24.00000097754,"s":[{"i":[[11.046,0],[0,0],[0,-11.046],[0,0],[-11.046,0],[0,0],[15.332,49.008],[0,0]],"o":[[0,0],[-11.046,0],[0,0],[0,11.046],[0,0],[36.332,12.008],[0,0],[0,-11.046]],"v":[[1139.668,378],[888,378],[868,398],[868,657.992],[888,677.992],[1120.668,692.992],[1175.668,634.992],[1159.668,398]],"c":true}]}],"ix":1},"o":{"a":0,"k":100,"ix":3},"x":{"a":0,"k":0,"ix":4},"nm":"Mask 1"}],"w":1920,"h":1080,"ip":7.00000028511585,"op":909.000037024329,"st":7.00000028511585,"bm":0},{"ddd":0,"ind":7,"ty":0,"nm":"Circle C","refId":"comp_3","sr":1,"ks":{"o":{"a":0,"k":100,"ix":11},"r":{"a":0,"k":0,"ix":10},"p":{"a":0,"k":[200,264,0],"ix":2},"a":{"a":0,"k":[960,540,0],"ix":1},"s":{"a":0,"k":[100,100,100],"ix":6}},"ao":0,"w":1920,"h":1080,"ip":7.00000028511585,"op":909.000037024329,"st":7.00000028511585,"bm":0},{"ddd":0,"ind":8,"ty":0,"nm":"Circle B","refId":"comp_4","sr":1,"ks":{"o":{"a":1,"k":[{"i":{"x":[0.833],"y":[0.833]},"o":{"x":[0.167],"y":[0.167]},"t":32,"s":[100]},{"t":35.0000014255792,"s":[0]}],"ix":11},"r":{"a":0,"k":0,"ix":10},"p":{"a":0,"k":[200,264,0],"ix":2},"a":{"a":0,"k":[960,540,0],"ix":1},"s":{"a":0,"k":[100,100,100],"ix":6}},"ao":0,"w":1920,"h":1080,"ip":4.00000016292334,"op":906.000036902136,"st":4.00000016292334,"bm":0},{"ddd":0,"ind":9,"ty":0,"nm":"Circle A","refId":"comp_5","sr":1,"ks":{"o":{"a":1,"k":[{"i":{"x":[0.833],"y":[0.833]},"o":{"x":[0.167],"y":[0.167]},"t":27,"s":[100]},{"t":32.0000013033867,"s":[0]}],"ix":11},"r":{"a":0,"k":0,"ix":10},"p":{"a":0,"k":[200,264,0],"ix":2},"a":{"a":0,"k":[960,540,0],"ix":1},"s":{"a":0,"k":[100,100,100],"ix":6}},"ao":0,"w":1920,"h":1080,"ip":0,"op":902.000036739213,"st":0,"bm":0}],"markers":[]}